Workbook

Sheet Raw data
A1: 발주일자 | B1: 업체코드 | C1: 업체명 | D1: 점포코드 | E1: 점포명 | F1: 상품코드 | G1: 상품명 | H1: 발주원가 | I1: 발주단위 | J1: LOT | K1: 수량 | L1: 발주금액 | M1: 전표번호 | N1: 바이어명 | O1: 센터입하일자 | P1: 센터코드 | Q1: 점입점일자 | R1: 납품구분 | S1: 기타(점코드) | T1: 기타(점포명)
A2: 20260415 | B2: 1368001 | C2: 맨소래덤아시아퍼시픽 주식회사 | D2: 1020 | E2: EM이천점 | F2: 8809020345212 | G2: 맨소래담 스프레이쿨180ml | H2: 2326 | I2: 8 | J2: 1 | K2: 8 | L2: 18608 | M2: 1283287135 | N2: 최철원 | O2: 20260417 | P2: 9120 | Q2: 여주DRY센터 | R2: 20260417 | S2: TC | T2: 1020 | U2: EM이천점 | AA2: 매장 창고
A3: 20260415 | B3: 1368001 | C3: 맨소래덤아시아퍼시픽 주식회사 | D3: 1035 | E3: EM포항점 | F3: 8809020345212 | G3: 맨소래담 스프레이쿨180ml | H3: 2326 | I3: 8 | J3: 1 | K3: 8 | L3: 18608 | M3: 1283293862 | N3: 최철원 | O3: 20260417 | P3: 9100 | Q3: 대구DRY센터 | R3: 20260417 | S3: TC | T3: 1035 | U3: EM포항점 | AA3: 매장 창고
A4: 20260415 | B4: 1368001 | C4: 맨소래덤아시아퍼시픽 주식회사 | D4: 1044 | E4: EM안산고잔점 | F4: 8809020346509 | G4: 아크네스 포밍워시 200ml | H4: 4469 | I4: 6 | J4: 1 | K4: 6 | L4: 26814 | M4: 1283298238 | N4: 최철원 | O4: 20260417 | P4: 9110 | Q4: 시화DRY센터 | R4: 20260417 | S4: TC | T4: 1044 | U4: EM안산고잔점 | AA4: 매장 창고
A5: 20260415 | B5: 1368001 | C5: 맨소래덤아시아퍼시픽 주식회사 | D5: 1044 | E5: EM안산고잔점 | F5: 8809020344321 | G5: 멜라노CC 엔자임 페이스 워시 130g | H5: 4284 | I5: 12 | J5: 1 | K5: 12 | L5: 51408 | M5: 1283298238 | N5: 최철원 | O5: 20260417 | P5: 9110 | Q5: 시화DRY센터 | R5: 20260417 | S5: TC | T5: 1044 | U5: EM안산고잔점 | AA5: 매장 창고
A6: 20260415 | B6: 1368001 | C6: 맨소래덤아시아퍼시픽 주식회사 | D6: 1046 | E6: EM금정점 | F6: 8809020344321 | G6: 멜라노CC 엔자임 페이스 워시 130g | H6: 4284 | I6: 12 | J6: 1 | K6: 12 | L6: 51408 | M6: 1283299700 | N6: 최철원 | O6: 20260417 | P6: 9100 | Q6: 대구DRY센터 | R6: 20260417 | S6: TC | T6: 1046 | U6: EM금정점 | AA6: 매장 창고
A7: 20260415 | B7: 1368001 | C7: 맨소래덤아시아퍼시픽 주식회사 | D7: 1056 | E7: EM양산점 | F7: 8809020345212 | G7: 맨소래담 스프레이쿨180ml | H7: 2326 | I7: 8 | J7: 1 | K7: 8 | L7: 18608 | M7: 1283304859 | N7: 최철원 | O7: 20260417 | P7: 9100 | Q7: 대구DRY센터 | R7: 20260417 | S7: TC | T7: 1056 | U7: EM양산점 | AA7: 매장 창고
A8: 20260415 | B8: 1368001 | C8: 맨소래덤아시아퍼시픽 주식회사 | D8: 1061 | E8: EM안동점 | F8: 8809020345212 | G8: 맨소래담 스프레이쿨180ml | H8: 2326 | I8: 8 | J8: 1 | K8: 8 | L8: 18608 | M8: 1283306926 | N8: 최철원 | O8: 20260417 | P8: 9120 | Q8: 여주DRY센터 | R8: 20260417 | S8: TC | T8: 1061 | U8: EM안동점 | AA8: 매장 창고
A9: 20260415 | B9: 1368001 | C9: 맨소래덤아시아퍼시픽 주식회사 | D9: 1066 | E9: EM춘천점 | F9: 8809020345212 | G9: 맨소래담 스프레이쿨180ml | H9: 2326 | I9: 8 | J9: 1 | K9: 8 | L9: 18608 | M9: 1283308885 | N9: 최철원 | O9: 20260417 | P9: 9120 | Q9: 여주DRY센터 | R9: 20260417 | S9: TC | T9: 1066 | U9: EM춘천점 | AA9: 매장 창고
A10: 20260415 | B10: 1368001 | C10: 맨소래덤아시아퍼시픽 주식회사 | D10: 1102 | E10: EM포항이동점 | F10: 8809020345212 | G10: 맨소래담 스프레이쿨180ml | H10: 2326 | I10: 8 | J10: 1 | K10: 8 | L10: 18608 | M10: 1283323916 | N10: 최철원 | O10: 20260417 | P10: 9100 | Q10: 대구DRY센터 | R10: 20260417 | S10: TC | T10: 1102 | U10: EM포항이동점 | AA10: 매장 창고
A11: 20260415 | B11: 1368001 | C11: 맨소래덤아시아퍼시픽 주식회사 | D11: 1106 | E11: EM영등포점 | F11: 8809020345212 | G11: 맨소래담 스프레이쿨180ml | H11: 2326 | I11: 8 | J11: 1 | K11: 8 | L11: 18608 | M11: 1283324954 | N11: 최철원 | O11: 20260417 | P11: 9110 | Q11: 시화DRY센터 | R11: 20260417 | S11: TC | T11: 1106 | U11: EM영등포점 | AA11: 매장 창고
A12: 20260415 | B12: 1368001 | C12: 맨소래덤아시아퍼시픽 주식회사 | D12: 1114 | E12: EM천안터미널점 | F12: 8809020345212 | G12: 맨소래담 스프레이쿨180ml | H12: 2326 | I12: 8 | J12: 1 | K12: 8 | L12: 18608 | M12: 1283328003 | N12: 최철원 | O12: 20260417 | P12: 9120 | Q12: 여주DRY센터 | R12: 20260417 | S12: TC | T12: 1114 | U12: EM천안터미널점 | AA12: 매장 창고
A13: 20260415 | B13: 1368001 | C13: 맨소래덤아시아퍼시픽 주식회사 | D13: 1119 | E13: EM파주운정점 | F13: 8809020346509 | G13: 아크네스 포밍워시 200ml | H13: 4469 | I13: 6 | J13: 1 | K13: 6 | L13: 26814 | M13: 1283329600 | N13: 최철원 | O13: 20260417 | P13: 9110 | Q13: 시화DRY센터 | R13: 20260417 | S13: TC | T13: 1119 | U13: EM파주운정점 | AA13: 매장 창고
... A15: 20260415 | B15: 1368001 | C15: 맨소래덤아시아퍼시픽 주식회사 | D15: 1142 | E15: EMF고덕점 | F15: 8809020344321 | G15: 멜라노CC 엔자임 페이스 워시 130g | H15: 4284 | I15: 12 | J15: 1 | K15: 12 | L15: 51408 | M15: 1283337768 | N15: 최철원 | O15: 20260417 | P15: 9120 | Q15: 여주DRY센터 | R15: 20260417 | S15: TC | T15: 1142 | U15: EMF고덕점 | AA15: 매장 창고
A16: 20260415 | B16: 1368001 | C16: 맨소래덤아시아퍼시픽 주식회사 | D16: 9120 | E16: 여주DRY센터 | F16: 8809020344321 | G16: 멜라노CC 엔자임 페이스 워시 130g | H16: 4284 | I16: 12 | J16: 1 | K16: 12 | L16: 51408 | M16: 1283416884 | N16: 최철원 | O16: 20260417 | P16: 9120 | Q16: 여주DRY센터 | R16: 20260417 | S16: TDC | T16: 9120 | U16: 여주DRY센터 | V16: 85 | W16: 귀착지 : EM보정몰가상점 | Y16: 8503 | AA16: 매장 창고
A17: 20260415 | B17: 1368001 | C17: 맨소래덤아시아퍼시픽 주식회사 | D17: 1025 | E17: EM군산점 | F17: 8809020346592 | G17: 아크네스 데일리 딥클렌저 100g | H17: 3656 | I17: 6 | J17: 1 | K17: 6 | L17: 21936 | M17: 1283491582 | N17: 최철원 | O17: 20260417 | P17: 9120 | Q17: 여주DRY센터 | R17: 20260417 | S17: TC | T17: 1025 | U17: EM군산점 | AA17: 매장 창고
A18: 20260415 | B18: 1368001 | C18: 맨소래덤아시아퍼시픽 주식회사 | D18: 1025 | E18: EM군산점 | F18: 8809020346509 | G18: 아크네스 포밍워시 200ml | H18: 4469 | I18: 6 | J18: 1 | K18: 6 | L18: 26814 | M18: 1283491582 | N18: 최철원 | O18: 20260417 | P18: 9120 | Q18: 여주DRY센터 | R18: 20260417 | S18: TC | T18: 1025 | U18: EM군산점 | AA18: 매장 창고
A19: 20260415 | B19: 1368001 | C19: 맨소래덤아시아퍼시픽 주식회사 | D19: 1083 | E19: EM신도림점 | F19: 8809020346509 | G19: 아크네스 포밍워시 200ml | H19: 4469 | I19: 6 | J19: 1 | K19: 6 | L19: 26814 | M19: 1283491676 | N19: 최철원 | O19: 20260417 | P19: 9110 | Q19: 시화DRY센터 | R19: 20260417 | S19: TC | T19: 1083 | U19: EM신도림점 | AA19: 매장 창고
A20: 20260415 | B20: 1368001 | C20: 맨소래덤아시아퍼시픽 주식회사 | D20: 1036 | E20: EM연제점 | F20: 8809020346509 | G20: 아크네스 포밍워시 200ml | H20: 4469 | I20: 6 | J20: 1 | K20: 6 | L20: 26814 | M20: 1283491677 | N20: 최철원 | O20: 20260417 | P20: 9100 | Q20: 대구DRY센터 | R20: 20260417 | S20: TC | T20: 1036 | U20: EM연제점 | AA20: 매장 창고
A21: 20260415 | B21: 1368001 | C21: 맨소래덤아시아퍼시픽 주식회사 | D21: 1112 | E21: EM광명소하점 | F21: 8809020346585 | G21: 아크네스 클리어앤화이트 포밍워시 150g | H21: 4469 | I21: 6 | J21: 1 | K21: 6 | L21: 26814 | M21: 1283492010 | N21: 최철원 | O21: 20260417 | P21: 9110 | Q21: 시화DRY센터 | R21: 20260417 | S21: TC | T21: 1112 | U21: EM광명소하점 | AA21: 매장 창고
A22: 20260415 | B22: 1368001 | C22: 맨소래덤아시아퍼시픽 주식회사 | D22: 1015 | E22: EM산본점 | F22: 8809020345212 | G22: 맨소래담 스프레이쿨180ml | H22: 2326 | I22: 8 | J22: 1 | K22: 8 | L22: 18608 | M22: 1283505625 | N22: 최철원 | O22: 20260417 | P22: 9110 | Q22: 시화DRY센터 | R22: 20260417 | S22: TC | T22: 1015 | U22: EM산본점 | AA22: 매장 창고
A23: 20260415 | B23: 1368001 | C23: 맨소래덤아시아퍼시픽 주식회사 | D23: 1018 | E23: EM해운대점 | F23: 8809020346585 | G23: 아크네스 클리어앤화이트 포밍워시 150g | H23: 4469 | I23: 6 | J23: 1 | K23: 6 | L23: 26814 | M23: 1283505750 | N23: 최철원 | O23: 20260417 | P23: 9100 | Q23: 대구DRY센터 | R23: 20260417 | S23: TC | T23: 1018 | U23: EM해운대점 | AA23: 매장 창고
A24: 20260415 | B24: 1368001 | C24: 맨소래덤아시아퍼시픽 주식회사 | D24: 1061 | E24: EM안동점 | F24: 8809020346592 | G24: 아크네스 데일리 딥클렌저 100g | H24: 3656 | I24: 6 | J24: 1 | K24: 6 | L24: 21936 | M24: 1283509767 | N24: 최철원 | O24: 20260417 | P24: 9120 | Q24: 여주DRY센터 | R24: 20260417 | S24: TC | T24: 1061 | U24: EM안동점 | AA24: 매장 창고
A25: 20260415 | B25: 1368001 | C25: 맨소래덤아시아퍼시픽 주식회사 | D25: 1061 | E25: EM안동점 | F25: 8809020349166 | G25: 고쿠쥰오일클렌징200ml | H25: 5271 | I25: 12 | J25: 1 | K25: 12 | L25: 63252 | M25: 1283509767 | N25: 최철원 | O25: 20260417 | P25: 9120 | Q25: 여주DRY센터 | R25: 20260417 | S25: TC | T25: 1061 | U25: EM안동점 | AA25: 매장 창고

Sheet SUM(히아풀젤,폼 아이캐쳐붙인걸로)
A2: 데일리 딥 , 화이트 포밍 1+1
A3: 합계 : 수량
A4: MECODE | B4: 상품명 | C4: 발주원가 | D4: 요약 | F4: 재고 | G4: 잔여재고 | I4: 히아풀 수딩 젤&수딩 폼
A5: ME00621AN5 | B5: 아크네스 세범 밸런싱 스킨 2.0 | C5: 3875 | D5: 84 | I5: 무조건 E로 붙여진거 출고할것 !!!!
A6: ME00621ASM | B6: 아크네스 스팟클리어크림패치 18g | C6: 3861 | D6: 54
A7: ME00621AN4 | B7: 아크네스 모이스처크림2.0 60ml | C7: 4650 | D7: 48
A8: ME90621AC4 | B8: 아크네스 클리어 화이트 크리미워시 100g | C8: 3488 | D8: 48 | E8: 9B4
A9: ME00621AN6 | B9: 아크네스 모이스처 플루이드 150ml | C9: 3875 | D9: 84 | E9: ME90621A05
A10: ME00621HPC | B10: 하다라보 히아풀베리어 포어 클렌징폼 150g | C10: 3868 | D10: 12
A11: ME90621NA7 | B11: 아크네스 클리어앤화이트 포밍워시 150g | C11: 7750 | D11: 12
A12: ME90621ADI | B12: 아크네스 데일리 딥클렌저 100g | C12: 6975 | D12: 36
A13: ME90621GO8 | B13: 고쿠쥰오일클렌징200ml | C13: 5028 | D13: 48
A14: ME90521EL7 | B14: 립아이스 매직칼라 틴티드 컬러 레드 2g | C14: 2790 | D14: 504
A15: ME90521EL9 | B15: 딥모이스트 멘톨 4.5g | C15: 3513 | D15: 650
A16: ME90521E18 | B16: 메디케이티드립젤트윈팩3.5g*2 | C16: 2428 | D16: 420
A17: ME90521EL6 | B17: 립아이스 매직칼라 딸기향 2g | C17: 2790 | D17: 444
A18: ME90521EL4 | B18: 메디케이티드립밤3.5g | C18: 1963 | D18: 960
A19: ME90521GS2 | B19: 립아이스 립밤 스트로베리 | C19: 2169 | D19: 492
A20: ME90521GT2 | B20: 립아이스 립밤 그레이프프루트 티 | C20: 2169 | D20: 480
A21: ME90521EL8 | B21: 딥모이스트 네츄럴 4.5g | C21: 3513 | D21: 400
... A23: ME00621CM5 | B23: 고쿠쥰훼이스워시100g | C23: 7220 | D23: 12
A24: ME80421DR2 | B24: 멘소래담 마사지 롤온 로션 50ml | C24: 5115 | D24: 5 | E24: 입수전환
A25: 총합계 | D25: 4985

Sheet 서식(직납)
A1: 발주일자 | B1: Sumcode | C1: 점포명 | D1: 점포코드 | E1: 센터코드 | F1: 배송코드 | G1: 바코드 | H1: 상품명 | I1: MECODE | J1: 수량 | K1: 발주원가 | L1: 발주금액 | M1: 전표번호 | N1: 바이어명 | O1: 센터입하일자 | P1: 센터코드 | Q1: 점입점일자 | R1: 납품구분 | S1: 기타(점코드) | T1: 기타(점포명)
B2: =F2&I2 -> #REF! | C2: ='Raw data'!#REF! -> #REF! | D2: =VLOOKUP(C2,'점포코드 '!A:B,2,0) -> #REF! | E2: ='Raw data'!#REF! -> #REF! | F2: =VLOOKUP(E2,'점포코드 '!$A$2:$C$247,2,0) -> #REF! | G2: ='Raw data'!#REF! -> #REF! | H2: ='Raw data'!#REF! -> #REF! | I2: =VLOOKUP(G2,제품명!$C$1:$E$114,2,0) -> #REF! | J2: ='Raw data'!#REF! -> #REF! | K2: ='Raw data'!#REF! -> #REF! | L2: =J2*K2 -> #REF!
B3: =F3&I3 -> #REF! | C3: ='Raw data'!#REF! -> #REF! | D3: =VLOOKUP(C3,'점포코드 '!A:B,2,0) -> #REF! | E3: ='Raw data'!#REF! -> #REF! | F3: =VLOOKUP(E3,'점포코드 '!$A$2:$C$247,2,0) -> #REF! | G3: ='Raw data'!#REF! -> #REF! | H3: ='Raw data'!#REF! -> #REF! | I3: =VLOOKUP(G3,제품명!$C$1:$E$114,2,0) -> #REF! | J3: ='Raw data'!#REF! -> #REF! | K3: ='Raw data'!#REF! -> #REF! | L3: =J3*K3 -> #REF!
B4: =F4&I4 -> #REF! | C4: ='Raw data'!#REF! -> #REF! | D4: =VLOOKUP(C4,'점포코드 '!A:B,2,0) -> #REF! | E4: ='Raw data'!#REF! -> #REF! | F4: =VLOOKUP(E4,'점포코드 '!$A$2:$C$247,2,0) -> #REF! | G4: ='Raw data'!#REF! -> #REF! | H4: ='Raw data'!#REF! -> #REF! | I4: =VLOOKUP(G4,제품명!$C$1:$E$114,2,0) -> #REF! | J4: ='Raw data'!#REF! -> #REF! | K4: ='Raw data'!#REF! -> #REF! | L4: =J4*K4 -> #REF!
B5: =F5&I5 -> #REF! | C5: ='Raw data'!#REF! -> #REF! | D5: =VLOOKUP(C5,'점포코드 '!A:B,2,0) -> #REF! | E5: ='Raw data'!#REF! -> #REF! | F5: =VLOOKUP(E5,'점포코드 '!$A$2:$C$247,2,0) -> #REF! | G5: ='Raw data'!#REF! -> #REF! | H5: ='Raw data'!#REF! -> #REF! | I5: =VLOOKUP(G5,제품명!$C$1:$E$114,2,0) -> #REF! | J5: ='Raw data'!#REF! -> #REF! | K5: ='Raw data'!#REF! -> #REF! | L5: =J5*K5 -> #REF!
B6: =F6&I6 -> #REF! | C6: ='Raw data'!#REF! -> #REF! | D6: =VLOOKUP(C6,'점포코드 '!A:B,2,0) -> #REF! | E6: ='Raw data'!#REF! -> #REF! | F6: =VLOOKUP(E6,'점포코드 '!$A$2:$C$247,2,0) -> #REF! | G6: ='Raw data'!#REF! -> #REF! | H6: ='Raw data'!#REF! -> #REF! | I6: =VLOOKUP(G6,제품명!$C$1:$E$114,2,0) -> #REF! | J6: ='Raw data'!#REF! -> #REF! | K6: ='Raw data'!#REF! -> #REF! | L6: =J6*K6 -> #REF!
B7: =F7&I7 -> #REF! | C7: ='Raw data'!#REF! -> #REF! | D7: =VLOOKUP(C7,'점포코드 '!A:B,2,0) -> #REF! | E7: ='Raw data'!#REF! -> #REF! | F7: =VLOOKUP(E7,'점포코드 '!$A$2:$C$247,2,0) -> #REF! | G7: ='Raw data'!#REF! -> #REF! | H7: ='Raw data'!#REF! -> #REF! | I7: =VLOOKUP(G7,제품명!$C$1:$E$114,2,0) -> #REF! | J7: ='Raw data'!#REF! -> #REF! | K7: ='Raw data'!#REF! -> #REF! | L7: =J7*K7 -> #REF!
B8: =F8&I8 -> #REF! | C8: ='Raw data'!#REF! -> #REF! | D8: =VLOOKUP(C8,'점포코드 '!A:B,2,0) -> #REF! | E8: ='Raw data'!#REF! -> #REF! | F8: =VLOOKUP(E8,'점포코드 '!$A$2:$C$247,2,0) -> #REF! | G8: ='Raw data'!#REF! -> #REF! | H8: ='Raw data'!#REF! -> #REF! | I8: =VLOOKUP(G8,제품명!$C$1:$E$114,2,0) -> #REF! | J8: ='Raw data'!#REF! -> #REF! | K8: ='Raw data'!#REF! -> #REF! | L8: =J8*K8 -> #REF!
B9: =F9&I9 -> #REF! | C9: ='Raw data'!#REF! -> #REF! | D9: =VLOOKUP(C9,'점포코드 '!A:B,2,0) -> #REF! | E9: ='Raw data'!#REF! -> #REF! | F9: =VLOOKUP(E9,'점포코드 '!$A$2:$C$247,2,0) -> #REF! | G9: ='Raw data'!#REF! -> #REF! | H9: ='Raw data'!#REF! -> #REF! | I9: =VLOOKUP(G9,제품명!$C$1:$E$114,2,0) -> #REF! | J9: ='Raw data'!#REF! -> #REF! | K9: ='Raw data'!#REF! -> #REF! | L9: =J9*K9 -> #REF!
B10: =F10&I10 -> #REF! | C10: ='Raw data'!#REF! -> #REF! | D10: =VLOOKUP(C10,'점포코드 '!A:B,2,0) -> #REF! | E10: ='Raw data'!#REF! -> #REF! | F10: =VLOOKUP(E10,'점포코드 '!$A$2:$C$247,2,0) -> #REF! | G10: ='Raw data'!#REF! -> #REF! | H10: ='Raw data'!#REF! -> #REF! | I10: =VLOOKUP(G10,제품명!$C$1:$E$114,2,0) -> #REF! | J10: ='Raw data'!#REF! -> #REF! | K10: ='Raw data'!#REF! -> #REF! | L10: =J10*K10 -> #REF!
B11: =F11&I11 -> #REF! | C11: ='Raw data'!#REF! -> #REF! | D11: =VLOOKUP(C11,'점포코드 '!A:B,2,0) -> #REF! | E11: ='Raw data'!#REF! -> #REF! | F11: =VLOOKUP(E11,'점포코드 '!$A$2:$C$247,2,0) -> #REF! | G11: ='Raw data'!#REF! -> #REF! | H11: ='Raw data'!#REF! -> #REF! | I11: =VLOOKUP(G11,제품명!$C$1:$E$114,2,0) -> #REF! | J11: ='Raw data'!#REF! -> #REF! | K11: ='Raw data'!#REF! -> #REF! | L11: =J11*K11 -> #REF!
B12: =F12&I12 -> #REF! | C12: ='Raw data'!#REF! -> #REF! | D12: =VLOOKUP(C12,'점포코드 '!A:B,2,0) -> #REF! | E12: ='Raw data'!#REF! -> #REF! | F12: =VLOOKUP(E12,'점포코드 '!$A$2:$C$247,2,0) -> #REF! | G12: ='Raw data'!#REF! -> #REF! | H12: ='Raw data'!#REF! -> #REF! | I12: =VLOOKUP(G12,제품명!$C$1:$E$114,2,0) -> #REF! | J12: ='Raw data'!#REF! -> #REF! | K12: ='Raw data'!#REF! -> #REF! | L12: =J12*K12 -> #REF!
B13: =F13&I13 -> #REF! | C13: ='Raw data'!#REF! -> #REF! | D13: =VLOOKUP(C13,'점포코드 '!A:B,2,0) -> #REF! | E13: ='Raw data'!#REF! -> #REF! | F13: =VLOOKUP(E13,'점포코드 '!$A$2:$C$247,2,0) -> #REF! | G13: ='Raw data'!#REF! -> #REF! | H13: ='Raw data'!#REF! -> #REF! | I13: =VLOOKUP(G13,제품명!$C$1:$E$114,2,0) -> #REF! | J13: ='Raw data'!#REF! -> #REF! | K13: ='Raw data'!#REF! -> #REF! | L13: =J13*K13 -> #REF!
... B37: =F37&I37 -> #REF! | C37: ='Raw data'!#REF! -> #REF! | D37: =VLOOKUP(C37,'점포코드 '!A:B,2,0) -> #REF! | E37: ='Raw data'!#REF! -> #REF! | F37: =VLOOKUP(E37,'점포코드 '!$A$2:$C$247,2,0) -> #REF! | G37: ='Raw data'!#REF! -> #REF! | H37: ='Raw data'!#REF! -> #REF! | I37: =VLOOKUP(G37,제품명!$C$1:$E$114,2,0) -> #REF! | J37: ='Raw data'!#REF! -> #REF! | K37: ='Raw data'!#REF! -> #REF! | L37: =J37*K37 -> #REF!
B38: =F38&I38 -> #REF! | C38: ='Raw data'!#REF! -> #REF! | D38: =VLOOKUP(C38,'점포코드 '!A:B,2,0) -> #REF! | E38: ='Raw data'!#REF! -> #REF! | F38: =VLOOKUP(E38,'점포코드 '!A:B,2,0) -> #REF! | G38: ='Raw data'!#REF! -> #REF! | H38: ='Raw data'!#REF! -> #REF! | I38: =VLOOKUP(G38,제품명!$C$1:$E$114,2,0) -> #REF! | J38: ='Raw data'!#REF! -> #REF! | K38: ='Raw data'!#REF! -> #REF! | L38: =J38*K38 -> #REF!
B39: =F39&I39 -> #REF! | C39: ='Raw data'!#REF! -> #REF! | D39: =VLOOKUP(C39,'점포코드 '!A:B,2,0) -> #REF! | E39: ='Raw data'!#REF! -> #REF! | F39: =VLOOKUP(E39,'점포코드 '!A:B,2,0) -> #REF! | G39: ='Raw data'!#REF! -> #REF! | H39: ='Raw data'!#REF! -> #REF! | I39: =VLOOKUP(G39,제품명!$C$1:$E$114,2,0) -> #REF! | J39: ='Raw data'!#REF! -> #REF! | K39: ='Raw data'!#REF! -> #REF! | L39: =J39*K39 -> #REF!
B40: =F40&I40 -> #REF! | C40: ='Raw data'!#REF! -> #REF! | D40: =VLOOKUP(C40,'점포코드 '!A:B,2,0) -> #REF! | E40: ='Raw data'!#REF! -> #REF! | F40: =VLOOKUP(E40,'점포코드 '!A:B,2,0) -> #REF! | G40: ='Raw data'!#REF! -> #REF! | H40: ='Raw data'!#REF! -> #REF! | I40: =VLOOKUP(G40,제품명!$C$1:$E$114,2,0) -> #REF! | J40: ='Raw data'!#REF! -> #REF! | K40: ='Raw data'!#REF! -> #REF! | L40: =J40*K40 -> #REF!
B41: =F41&I41 -> #REF! | C41: ='Raw data'!#REF! -> #REF! | D41: =VLOOKUP(C41,'점포코드 '!A:B,2,0) -> #REF! | E41: ='Raw data'!#REF! -> #REF! | F41: =VLOOKUP(E41,'점포코드 '!A:B,2,0) -> #REF! | G41: ='Raw data'!#REF! -> #REF! | H41: ='Raw data'!#REF! -> #REF! | I41: =VLOOKUP(G41,제품명!$C$1:$E$114,2,0) -> #REF! | J41: ='Raw data'!#REF! -> #REF! | K41: ='Raw data'!#REF! -> #REF! | L41: =J41*K41 -> #REF!
B42: =F42&I42 -> #REF! | C42: ='Raw data'!#REF! -> #REF! | D42: =VLOOKUP(C42,'점포코드 '!A:B,2,0) -> #REF! | E42: ='Raw data'!#REF! -> #REF! | F42: =VLOOKUP(E42,'점포코드 '!A:B,2,0) -> #REF! | G42: ='Raw data'!#REF! -> #REF! | H42: ='Raw data'!#REF! -> #REF! | I42: =VLOOKUP(G42,제품명!$C$1:$E$114,2,0) -> #REF! | J42: ='Raw data'!#REF! -> #REF! | K42: ='Raw data'!#REF! -> #REF! | L42: =J42*K42 -> #REF!
B43: =F43&I43 -> #REF! | C43: ='Raw data'!#REF! -> #REF! | D43: =VLOOKUP(C43,'점포코드 '!A:B,2,0) -> #REF! | E43: ='Raw data'!#REF! -> #REF! | F43: =VLOOKUP(E43,'점포코드 '!A:B,2,0) -> #REF! | G43: ='Raw data'!#REF! -> #REF! | H43: ='Raw data'!#REF! -> #REF! | I43: =VLOOKUP(G43,제품명!$C$1:$E$114,2,0) -> #REF! | J43: ='Raw data'!#REF! -> #REF! | K43: ='Raw data'!#REF! -> #REF! | L43: =J43*K43 -> #REF!
B44: =F44&I44 -> #REF! | C44: ='Raw data'!#REF! -> #REF! | D44: =VLOOKUP(C44,'점포코드 '!A:B,2,0) -> #REF! | E44: ='Raw data'!#REF! -> #REF! | F44: =VLOOKUP(E44,'점포코드 '!A:B,2,0) -> #REF! | G44: ='Raw data'!#REF! -> #REF! | H44: ='Raw data'!#REF! -> #REF! | I44: =VLOOKUP(G44,제품명!$C$1:$E$114,2,0) -> #REF! | J44: ='Raw data'!#REF! -> #REF! | K44: ='Raw data'!#REF! -> #REF! | L44: =J44*K44 -> #REF!
B45: =F45&I45 -> #REF! | C45: ='Raw data'!#REF! -> #REF! | D45: =VLOOKUP(C45,'점포코드 '!A:B,2,0) -> #REF! | E45: ='Raw data'!#REF! -> #REF! | F45: =VLOOKUP(E45,'점포코드 '!A:B,2,0) -> #REF! | G45: ='Raw data'!#REF! -> #REF! | H45: ='Raw data'!#REF! -> #REF! | I45: =VLOOKUP(G45,제품명!$C$1:$E$114,2,0) -> #REF! | J45: ='Raw data'!#REF! -> #REF! | K45: ='Raw data'!#REF! -> #REF! | L45: =J45*K45 -> #REF!
B46: =F46&I46 -> #REF! | C46: ='Raw data'!#REF! -> #REF! | D46: =VLOOKUP(C46,'점포코드 '!A:B,2,0) -> #REF! | E46: ='Raw data'!#REF! -> #REF! | F46: =VLOOKUP(E46,'점포코드 '!A:B,2,0) -> #REF! | G46: ='Raw data'!#REF! -> #REF! | H46: ='Raw data'!#REF! -> #REF! | I46: =VLOOKUP(G46,제품명!$C$1:$E$114,2,0) -> #REF! | J46: ='Raw data'!#REF! -> #REF! | K46: ='Raw data'!#REF! -> #REF! | L46: =J46*K46 -> #REF!
B47: =F47&I47 -> #REF! | C47: ='Raw data'!#REF! -> #REF! | D47: =VLOOKUP(C47,'점포코드 '!A:B,2,0) -> #REF! | E47: ='Raw data'!#REF! -> #REF! | F47: =VLOOKUP(E47,'점포코드 '!A:B,2,0) -> #REF! | G47: ='Raw data'!#REF! -> #REF! | H47: ='Raw data'!#REF! -> #REF! | I47: =VLOOKUP(G47,제품명!$C$1:$E$114,2,0) -> #REF! | J47: ='Raw data'!#REF! -> #REF! | K47: ='Raw data'!#REF! -> #REF! | L47: =J47*K47 -> #REF!
B48: =F48&I48 -> #REF! | C48: ='Raw data'!#REF! -> #REF! | D48: =VLOOKUP(C48,'점포코드 '!A:B,2,0) -> #REF! | E48: ='Raw data'!#REF! -> #REF! | F48: =VLOOKUP(E48,'점포코드 '!A:B,2,0) -> #REF! | G48: ='Raw data'!#REF! -> #REF! | H48: ='Raw data'!#REF! -> #REF! | I48: =VLOOKUP(G48,제품명!$C$1:$E$114,2,0) -> #REF! | J48: ='Raw data'!#REF! -> #REF! | K48: ='Raw data'!#REF! -> #REF! | L48: =J48*K48 -> #REF!
B49: =F49&I49 -> #REF! | C49: ='Raw data'!#REF! -> #REF! | D49: =VLOOKUP(C49,'점포코드 '!A:B,2,0) -> #REF! | E49: ='Raw data'!#REF! -> #REF! | F49: =VLOOKUP(E49,'점포코드 '!A:B,2,0) -> #REF! | G49: ='Raw data'!#REF! -> #REF! | H49: ='Raw data'!#REF! -> #REF! | I49: =VLOOKUP(G49,제품명!$C$1:$E$114,2,0) -> #REF! | J49: ='Raw data'!#REF! -> #REF! | K49: ='Raw data'!#REF! -> #REF! | L49: =J49*K49 -> #REF!
... B81: =F81&I81 -> #REF! | C81: ='Raw data'!#REF! -> #REF! | D81: =VLOOKUP(C81,'점포코드 '!A:B,2,0) -> #REF! | E81: ='Raw data'!#REF! -> #REF! | F81: =VLOOKUP(E81,'점포코드 '!A:B,2,0) -> #REF! | G81: ='Raw data'!#REF! -> #REF! | H81: ='Raw data'!#REF! -> #REF! | I81: =VLOOKUP(G81,제품명!$C$1:$E$114,2,0) -> #REF! | J81: ='Raw data'!#REF! -> #REF! | K81: ='Raw data'!#REF! -> #REF! | L81: =J81*K81 -> #REF!
B82: =F82&I82 -> 81010905ME00421186 | C82: ='Raw data'!E2 -> EM이천점 | D82: =VLOOKUP(C82,'점포코드 '!A:B,2,0) -> 1020 | E82: ='Raw data'!P2 -> 9120 | F82: =VLOOKUP(E82,'점포코드 '!A:B,2,0) -> 81010905 | G82: ='Raw data'!F2 -> 8809020345212 | H82: ='Raw data'!G2 -> 맨소래담 스프레이쿨180ml | I82: =VLOOKUP(G82,제품명!$C$1:$E$114,2,0) -> ME00421186 | J82: ='Raw data'!K2 -> 8 | K82: ='Raw data'!H2 -> 2326 | L82: =J82*K82 -> 18608
B83: =F83&I83 -> 81010903ME00421186 | C83: ='Raw data'!E3 -> EM포항점 | D83: =VLOOKUP(C83,'점포코드 '!A:B,2,0) -> 1035 | E83: ='Raw data'!P3 -> 9100 | F83: =VLOOKUP(E83,'점포코드 '!A:B,2,0) -> 81010903 | G83: ='Raw data'!F3 -> 8809020345212 | H83: ='Raw data'!G3 -> 맨소래담 스프레이쿨180ml | I83: =VLOOKUP(G83,제품명!$C$1:$E$114,2,0) -> ME00421186 | J83: ='Raw data'!K3 -> 8 | K83: ='Raw data'!H3 -> 2326 | L83: =J83*K83 -> 18608
B84: =F84&I84 -> 81010902ME90621AFE | C84: ='Raw data'!E4 -> EM안산고잔점 | D84: =VLOOKUP(C84,'점포코드 '!A:B,2,0) -> 1044 | E84: ='Raw data'!P4 -> 9110 | F84: =VLOOKUP(E84,'점포코드 '!A:B,2,0) -> 81010902 | G84: ='Raw data'!F4 -> 8809020346509 | H84: ='Raw data'!G4 -> 아크네스 포밍워시 200ml | I84: =VLOOKUP(G84,제품명!$C$1:$E$114,2,0) -> ME90621AFE | J84: ='Raw data'!K4 -> 6 | K84: ='Raw data'!H4 -> 4469 | L84: =J84*K84 -> 26814
B85: =F85&I85 -> 81010902ME90621MAM | C85: ='Raw data'!E5 -> EM안산고잔점 | D85: =VLOOKUP(C85,'점포코드 '!A:B,2,0) -> 1044 | E85: ='Raw data'!P5 -> 9110 | F85: =VLOOKUP(E85,'점포코드 '!A:B,2,0) -> 81010902 | G85: ='Raw data'!F5 -> 8809020344321 | H85: ='Raw data'!G5 -> 멜라노CC 엔자임 페이스 워시 130g | I85: =VLOOKUP(G85,제품명!$C$1:$E$114,2,0) -> ME90621MAM | J85: ='Raw data'!K5 -> 12 | K85: ='Raw data'!H5 -> 4284 | L85: =J85*K85 -> 51408
B86: =F86&I86 -> 81010903ME90621MAM | C86: ='Raw data'!E6 -> EM금정점 | D86: =VLOOKUP(C86,'점포코드 '!A:B,2,0) -> #N/A | E86: ='Raw data'!P6 -> 9100 | F86: =VLOOKUP(E86,'점포코드 '!A:B,2,0) -> 81010903 | G86: ='Raw data'!F6 -> 8809020344321 | H86: ='Raw data'!G6 -> 멜라노CC 엔자임 페이스 워시 130g | I86: =VLOOKUP(G86,제품명!$C$1:$E$114,2,0) -> ME90621MAM | J86: ='Raw data'!K6 -> 12 | K86: ='Raw data'!H6 -> 4284 | L86: =J86*K86 -> 51408
B87: =F87&I87 -> 81010903ME00421186 | C87: ='Raw data'!E7 -> EM양산점 | D87: =VLOOKUP(C87,'점포코드 '!A:B,2,0) -> #N/A | E87: ='Raw data'!P7 -> 9100 | F87: =VLOOKUP(E87,'점포코드 '!A:B,2,0) -> 81010903 | G87: ='Raw data'!F7 -> 8809020345212 | H87: ='Raw data'!G7 -> 맨소래담 스프레이쿨180ml | I87: =VLOOKUP(G87,제품명!$C$1:$E$114,2,0) -> ME00421186 | J87: ='Raw data'!K7 -> 8 | K87: ='Raw data'!H7 -> 2326 | L87: =J87*K87 -> 18608
B88: =F88&I88 -> 81010905ME00421186 | C88: ='Raw data'!E8 -> EM안동점 | D88: =VLOOKUP(C88,'점포코드 '!A:B,2,0) -> 1061 | E88: ='Raw data'!P8 -> 9120 | F88: =VLOOKUP(E88,'점포코드 '!A:B,2,0) -> 81010905 | G88: ='Raw data'!F8 -> 8809020345212 | H88: ='Raw data'!G8 -> 맨소래담 스프레이쿨180ml | I88: =VLOOKUP(G88,제품명!$C$1:$E$114,2,0) -> ME00421186 | J88: ='Raw data'!K8 -> 8 | K88: ='Raw data'!H8 -> 2326 | L88: =J88*K88 -> 18608
B89: =F89&I89 -> 81010905ME00421186 | C89: ='Raw data'!E9 -> EM춘천점 | D89: =VLOOKUP(C89,'점포코드 '!A:B,2,0) -> 1066 | E89: ='Raw data'!P9 -> 9120 | F89: =VLOOKUP(E89,'점포코드 '!A:B,2,0) -> 81010905 | G89: ='Raw data'!F9 -> 8809020345212 | H89: ='Raw data'!G9 -> 맨소래담 스프레이쿨180ml | I89: =VLOOKUP(G89,제품명!$C$1:$E$114,2,0) -> ME00421186 | J89: ='Raw data'!K9 -> 8 | K89: ='Raw data'!H9 -> 2326 | L89: =J89*K89 -> 18608
B90: =F90&I90 -> 81010903ME00421186 | C90: ='Raw data'!E10 -> EM포항이동점 | D90: =VLOOKUP(C90,'점포코드 '!A:B,2,0) -> 1102 | E90: ='Raw data'!P10 -> 9100 | F90: =VLOOKUP(E90,'점포코드 '!A:B,2,0) -> 81010903 | G90: ='Raw data'!F10 -> 8809020345212 | H90: ='Raw data'!G10 -> 맨소래담 스프레이쿨180ml | I90: =VLOOKUP(G90,제품명!$C$1:$E$114,2,0) -> ME00421186 | J90: ='Raw data'!K10 -> 8 | K90: ='Raw data'!H10 -> 2326 | L90: =J90*K90 -> 18608
B91: =F91&I91 -> 81010902ME00421186 | C91: ='Raw data'!E11 -> EM영등포점 | D91: =VLOOKUP(C91,'점포코드 '!A:B,2,0) -> #N/A | E91: ='Raw data'!P11 -> 9110 | F91: =VLOOKUP(E91,'점포코드 '!A:B,2,0) -> 81010902 | G91: ='Raw data'!F11 -> 8809020345212 | H91: ='Raw data'!G11 -> 맨소래담 스프레이쿨180ml | I91: =VLOOKUP(G91,제품명!$C$1:$E$114,2,0) -> ME00421186 | J91: ='Raw data'!K11 -> 8 | K91: ='Raw data'!H11 -> 2326 | L91: =J91*K91 -> 18608
B92: =F92&I92 -> 81010905ME00421186 | C92: ='Raw data'!E12 -> EM천안터미널점 | D92: =VLOOKUP(C92,'점포코드 '!A:B,2,0) -> #N/A | E92: ='Raw data'!P12 -> 9120 | F92: =VLOOKUP(E92,'점포코드 '!A:B,2,0) -> 81010905 | G92: ='Raw data'!F12 -> 8809020345212 | H92: ='Raw data'!G12 -> 맨소래담 스프레이쿨180ml | I92: =VLOOKUP(G92,제품명!$C$1:$E$114,2,0) -> ME00421186 | J92: ='Raw data'!K12 -> 8 | K92: ='Raw data'!H12 -> 2326 | L92: =J92*K92 -> 18608
B93: =F93&I93 -> 81010902ME90621AFE | C93: ='Raw data'!E13 -> EM파주운정점 | D93: =VLOOKUP(C93,'점포코드 '!A:B,2,0) -> #N/A | E93: ='Raw data'!P13 -> 9110 | F93: =VLOOKUP(E93,'점포코드 '!A:B,2,0) -> 81010902 | G93: ='Raw data'!F13 -> 8809020346509 | H93: ='Raw data'!G13 -> 아크네스 포밍워시 200ml | I93: =VLOOKUP(G93,제품명!$C$1:$E$114,2,0) -> ME90621AFE | J93: ='Raw data'!K13 -> 6 | K93: ='Raw data'!H13 -> 4469 | L93: =J93*K93 -> 26814
... B267: =F267&I267 -> #N/A | C267: ='Raw data'!E187 -> 0 | D267: =VLOOKUP(C267,'점포코드 '!A:B,2,0) -> #N/A | E267: ='Raw data'!P187 -> 0 | F267: =VLOOKUP(E267,'점포코드 '!A:B,2,0) -> #N/A | G267: ='Raw data'!F187 -> 0 | H267: ='Raw data'!G187 -> 0 | I267: =VLOOKUP(G267,제품명!$C$1:$E$114,2,0) -> #N/A | J267: ='Raw data'!K187 -> 0 | K267: ='Raw data'!H187 -> 0 | L267: =J267*K267 -> 0
B268: =F268&I268 -> #REF! | C268: ='Raw data'!#REF! -> #REF! | D268: =VLOOKUP(C268,'점포코드 '!A:B,2,0) -> #REF! | E268: ='Raw data'!#REF! -> #REF! | F268: =VLOOKUP(E268,'점포코드 '!A:B,2,0) -> #REF! | G268: ='Raw data'!#REF! -> #REF! | H268: ='Raw data'!#REF! -> #REF! | I268: =VLOOKUP(G268,제품명!$C$1:$E$114,2,0) -> #REF! | J268: ='Raw data'!#REF! -> #REF! | K268: ='Raw data'!#REF! -> #REF! | L268: =J268*K268 -> #REF!
B269: =F269&I269 -> #N/A | C269: ='Raw data'!E188 -> 0 | D269: =VLOOKUP(C269,'점포코드 '!A:B,2,0) -> #N/A | E269: ='Raw data'!P188 -> 0 | F269: =VLOOKUP(E269,'점포코드 '!A:B,2,0) -> #N/A | G269: ='Raw data'!F188 -> 0 | H269: ='Raw data'!G188 -> 0 | I269: =VLOOKUP(G269,제품명!$C$1:$E$114,2,0) -> #N/A | J269: ='Raw data'!K188 -> 0 | K269: ='Raw data'!H188 -> 0 | L269: =J269*K269 -> 0
B270: =F270&I270 -> #N/A | C270: ='Raw data'!E189 -> 0 | D270: =VLOOKUP(C270,'점포코드 '!A:B,2,0) -> #N/A | E270: ='Raw data'!P189 -> 0 | F270: =VLOOKUP(E270,'점포코드 '!A:B,2,0) -> #N/A | G270: ='Raw data'!F189 -> 0 | H270: ='Raw data'!G189 -> 0 | I270: =VLOOKUP(G270,제품명!$C$1:$E$114,2,0) -> #N/A | J270: ='Raw data'!K189 -> 0 | K270: ='Raw data'!H189 -> 0 | L270: =J270*K270 -> 0
B271: =F271&I271 -> #N/A | C271: ='Raw data'!E190 -> 0 | D271: =VLOOKUP(C271,'점포코드 '!A:B,2,0) -> #N/A | E271: ='Raw data'!P190 -> 0 | F271: =VLOOKUP(E271,'점포코드 '!A:B,2,0) -> #N/A | G271: ='Raw data'!F190 -> 0 | H271: ='Raw data'!G190 -> 0 | I271: =VLOOKUP(G271,제품명!$C$1:$E$114,2,0) -> #N/A | J271: ='Raw data'!K190 -> 0 | K271: ='Raw data'!H190 -> 0 | L271: =J271*K271 -> 0
B272: =F272&I272 -> #N/A | C272: ='Raw data'!E191 -> 0 | D272: =VLOOKUP(C272,'점포코드 '!A:B,2,0) -> #N/A | E272: ='Raw data'!P191 -> 0 | F272: =VLOOKUP(E272,'점포코드 '!A:B,2,0) -> #N/A | G272: ='Raw data'!F191 -> 0 | H272: ='Raw data'!G191 -> 0 | I272: =VLOOKUP(G272,제품명!$C$1:$E$114,2,0) -> #N/A | J272: ='Raw data'!K191 -> 0 | K272: ='Raw data'!H191 -> 0 | L272: =J272*K272 -> 0
B273: =F273&I273 -> #N/A | C273: ='Raw data'!E192 -> 0 | D273: =VLOOKUP(C273,'점포코드 '!A:B,2,0) -> #N/A | E273: ='Raw data'!P192 -> 0 | F273: =VLOOKUP(E273,'점포코드 '!A:B,2,0) -> #N/A | G273: ='Raw data'!F192 -> 0 | H273: ='Raw data'!G192 -> 0 | I273: =VLOOKUP(G273,제품명!$C$1:$E$114,2,0) -> #N/A | J273: ='Raw data'!K192 -> 0 | K273: ='Raw data'!H192 -> 0 | L273: =J273*K273 -> 0
B274: =F274&I274 -> #N/A | C274: ='Raw data'!E193 -> 0 | D274: =VLOOKUP(C274,'점포코드 '!A:B,2,0) -> #N/A | E274: ='Raw data'!P193 -> 0 | F274: =VLOOKUP(E274,'점포코드 '!A:B,2,0) -> #N/A | G274: ='Raw data'!F193 -> 0 | H274: ='Raw data'!G193 -> 0 | I274: =VLOOKUP(G274,제품명!$C$1:$E$114,2,0) -> #N/A | J274: ='Raw data'!K193 -> 0 | K274: ='Raw data'!H193 -> 0 | L274: =J274*K274 -> 0
B275: =F275&I275 -> #N/A | C275: ='Raw data'!E194 -> 0 | D275: =VLOOKUP(C275,'점포코드 '!A:B,2,0) -> #N/A | E275: ='Raw data'!P194 -> 0 | F275: =VLOOKUP(E275,'점포코드 '!A:B,2,0) -> #N/A | G275: ='Raw data'!F194 -> 0 | H275: ='Raw data'!G194 -> 0 | I275: =VLOOKUP(G275,제품명!$C$1:$E$114,2,0) -> #N/A | J275: ='Raw data'!K194 -> 0 | K275: ='Raw data'!H194 -> 0 | L275: =J275*K275 -> 0
B276: =F276&I276 -> #N/A | C276: ='Raw data'!E195 -> 0 | D276: =VLOOKUP(C276,'점포코드 '!A:B,2,0) -> #N/A | E276: ='Raw data'!P195 -> 0 | F276: =VLOOKUP(E276,'점포코드 '!A:B,2,0) -> #N/A | G276: ='Raw data'!F195 -> 0 | H276: ='Raw data'!G195 -> 0 | I276: =VLOOKUP(G276,제품명!$C$1:$E$114,2,0) -> #N/A | J276: ='Raw data'!K195 -> 0 | K276: ='Raw data'!H195 -> 0 | L276: =J276*K276 -> 0
B277: =F277&I277 -> #N/A | C277: ='Raw data'!E196 -> 0 | D277: =VLOOKUP(C277,'점포코드 '!A:B,2,0) -> #N/A | E277: ='Raw data'!P196 -> 0 | F277: =VLOOKUP(E277,'점포코드 '!A:B,2,0) -> #N/A | G277: ='Raw data'!F196 -> 0 | H277: ='Raw data'!G196 -> 0 | I277: =VLOOKUP(G277,제품명!$C$1:$E$114,2,0) -> #N/A | J277: ='Raw data'!K196 -> 0 | K277: ='Raw data'!H196 -> 0 | L277: =J277*K277 -> 0
B278: =F278&I278 -> #N/A | C278: ='Raw data'!E197 -> 0 | D278: =VLOOKUP(C278,'점포코드 '!A:B,2,0) -> #N/A | E278: ='Raw data'!P197 -> 0 | F278: =VLOOKUP(E278,'점포코드 '!A:B,2,0) -> #N/A | G278: ='Raw data'!F197 -> 0 | H278: ='Raw data'!G197 -> 0 | I278: =VLOOKUP(G278,제품명!$C$1:$E$114,2,0) -> #N/A | J278: ='Raw data'!K197 -> 0 | K278: ='Raw data'!H197 -> 0 | L278: =J278*K278 -> 0
B279: =F279&I279 -> #N/A | C279: ='Raw data'!E198 -> 0 | D279: =VLOOKUP(C279,'점포코드 '!A:B,2,0) -> #N/A | E279: ='Raw data'!P198 -> 0 | F279: =VLOOKUP(E279,'점포코드 '!A:B,2,0) -> #N/A | G279: ='Raw data'!F198 -> 0 | H279: ='Raw data'!G198 -> 0 | I279: =VLOOKUP(G279,제품명!$C$1:$E$114,2,0) -> #N/A | J279: ='Raw data'!K198 -> 0 | K279: ='Raw data'!H198 -> 0 | L279: =J279*K279 -> 0
B280: =F280&I280 -> #N/A | C280: ='Raw data'!E199 -> 0 | D280: =VLOOKUP(C280,'점포코드 '!A:B,2,0) -> #N/A | E280: ='Raw data'!P199 -> 0 | F280: =VLOOKUP(E280,'점포코드 '!A:B,2,0) -> #N/A | G280: ='Raw data'!F199 -> 0 | H280: ='Raw data'!G199 -> 0 | I280: =VLOOKUP(G280,제품명!$C$1:$E$114,2,0) -> #N/A | J280: ='Raw data'!K199 -> 0 | K280: ='Raw data'!H199 -> 0 | L280: =J280*K280 -> 0
... B1025: =F1025&I1025 -> #N/A | C1025: ='Raw data'!E944 -> 0 | D1025: =VLOOKUP(C1025,'점포코드 '!A:B,2,0) -> #N/A | E1025: ='Raw data'!P944 -> 0 | F1025: =VLOOKUP(E1025,'점포코드 '!A:B,2,0) -> #N/A | G1025: ='Raw data'!F944 -> 0 | H1025: ='Raw data'!G944 -> 0 | I1025: =VLOOKUP(G1025,제품명!$C$1:$E$114,2,0) -> #N/A | J1025: ='Raw data'!K944 -> 0 | K1025: ='Raw data'!H944 -> 0 | L1025: =J1025*K1025 -> 0
B1026: =F1026&I1026 -> #REF! | C1026: ='Raw data'!#REF! -> #REF! | D1026: =VLOOKUP(C1026,'점포코드 '!A:B,2,0) -> #REF! | E1026: ='Raw data'!#REF! -> #REF! | F1026: =VLOOKUP(E1026,'점포코드 '!A:B,2,0) -> #REF! | G1026: ='Raw data'!#REF! -> #REF! | H1026: ='Raw data'!#REF! -> #REF! | I1026: =VLOOKUP(G1026,제품명!$C$1:$E$114,2,0) -> #REF! | J1026: ='Raw data'!#REF! -> #REF! | K1026: ='Raw data'!#REF! -> #REF! | L1026: =J1026*K1026 -> #REF!
B1027: =F1027&I1027 -> #REF! | C1027: ='Raw data'!#REF! -> #REF! | D1027: =VLOOKUP(C1027,'점포코드 '!A:B,2,0) -> #REF! | E1027: ='Raw data'!#REF! -> #REF! | F1027: =VLOOKUP(E1027,'점포코드 '!A:B,2,0) -> #REF! | G1027: ='Raw data'!#REF! -> #REF! | H1027: ='Raw data'!#REF! -> #REF! | I1027: =VLOOKUP(G1027,제품명!$C$1:$E$114,2,0) -> #REF! | J1027: ='Raw data'!#REF! -> #REF! | K1027: ='Raw data'!#REF! -> #REF! | L1027: =J1027*K1027 -> #REF!
B1028: =F1028&I1028 -> #REF! | C1028: ='Raw data'!#REF! -> #REF! | D1028: =VLOOKUP(C1028,'점포코드 '!A:B,2,0) -> #REF! | E1028: ='Raw data'!#REF! -> #REF! | F1028: =VLOOKUP(E1028,'점포코드 '!A:B,2,0) -> #REF! | G1028: ='Raw data'!#REF! -> #REF! | H1028: ='Raw data'!#REF! -> #REF! | I1028: =VLOOKUP(G1028,제품명!$C$1:$E$114,2,0) -> #REF! | J1028: ='Raw data'!#REF! -> #REF! | K1028: ='Raw data'!#REF! -> #REF! | L1028: =J1028*K1028 -> #REF!
B1029: =F1029&I1029 -> #REF! | C1029: ='Raw data'!#REF! -> #REF! | D1029: =VLOOKUP(C1029,'점포코드 '!A:B,2,0) -> #REF! | E1029: ='Raw data'!#REF! -> #REF! | F1029: =VLOOKUP(E1029,'점포코드 '!A:B,2,0) -> #REF! | G1029: ='Raw data'!#REF! -> #REF! | H1029: ='Raw data'!#REF! -> #REF! | I1029: =VLOOKUP(G1029,제품명!$C$1:$E$114,2,0) -> #REF! | J1029: ='Raw data'!#REF! -> #REF! | K1029: ='Raw data'!#REF! -> #REF! | L1029: =J1029*K1029 -> #REF!
B1030: =F1030&I1030 -> #REF! | C1030: ='Raw data'!#REF! -> #REF! | D1030: =VLOOKUP(C1030,'점포코드 '!A:B,2,0) -> #REF! | E1030: ='Raw data'!#REF! -> #REF! | F1030: =VLOOKUP(E1030,'점포코드 '!A:B,2,0) -> #REF! | G1030: ='Raw data'!#REF! -> #REF! | H1030: ='Raw data'!#REF! -> #REF! | I1030: =VLOOKUP(G1030,제품명!$C$1:$E$114,2,0) -> #REF! | J1030: ='Raw data'!#REF! -> #REF! | K1030: ='Raw data'!#REF! -> #REF! | L1030: =J1030*K1030 -> #REF!
B1031: =F1031&I1031 -> #REF! | C1031: ='Raw data'!#REF! -> #REF! | D1031: =VLOOKUP(C1031,'점포코드 '!A:B,2,0) -> #REF! | E1031: ='Raw data'!#REF! -> #REF! | F1031: =VLOOKUP(E1031,'점포코드 '!A:B,2,0) -> #REF! | G1031: ='Raw data'!#REF! -> #REF! | H1031: ='Raw data'!#REF! -> #REF! | I1031: =VLOOKUP(G1031,제품명!$C$1:$E$114,2,0) -> #REF! | J1031: ='Raw data'!#REF! -> #REF! | K1031: ='Raw data'!#REF! -> #REF! | L1031: =J1031*K1031 -> #REF!
B1032: =F1032&I1032 -> #REF! | C1032: ='Raw data'!#REF! -> #REF! | D1032: =VLOOKUP(C1032,'점포코드 '!A:B,2,0) -> #REF! | E1032: ='Raw data'!#REF! -> #REF! | F1032: =VLOOKUP(E1032,'점포코드 '!A:B,2,0) -> #REF! | G1032: ='Raw data'!#REF! -> #REF! | H1032: ='Raw data'!#REF! -> #REF! | I1032: =VLOOKUP(G1032,제품명!$C$1:$E$114,2,0) -> #REF! | J1032: ='Raw data'!#REF! -> #REF! | K1032: ='Raw data'!#REF! -> #REF! | L1032: =J1032*K1032 -> #REF!
B1033: =F1033&I1033 -> #REF! | C1033: ='Raw data'!#REF! -> #REF! | D1033: =VLOOKUP(C1033,'점포코드 '!A:B,2,0) -> #REF! | E1033: ='Raw data'!#REF! -> #REF! | F1033: =VLOOKUP(E1033,'점포코드 '!A:B,2,0) -> #REF! | G1033: ='Raw data'!#REF! -> #REF! | H1033: ='Raw data'!#REF! -> #REF! | I1033: =VLOOKUP(G1033,제품명!$C$1:$E$114,2,0) -> #REF! | J1033: ='Raw data'!#REF! -> #REF! | K1033: ='Raw data'!#REF! -> #REF! | L1033: =J1033*K1033 -> #REF!
B1034: =F1034&I1034 -> #REF! | C1034: ='Raw data'!#REF! -> #REF! | D1034: =VLOOKUP(C1034,'점포코드 '!A:B,2,0) -> #REF! | E1034: ='Raw data'!#REF! -> #REF! | F1034: =VLOOKUP(E1034,'점포코드 '!A:B,2,0) -> #REF! | G1034: ='Raw data'!#REF! -> #REF! | H1034: ='Raw data'!#REF! -> #REF! | I1034: =VLOOKUP(G1034,제품명!$C$1:$E$114,2,0) -> #REF! | J1034: ='Raw data'!#REF! -> #REF! | K1034: ='Raw data'!#REF! -> #REF! | L1034: =J1034*K1034 -> #REF!
B1035: =F1035&I1035 -> #REF! | C1035: ='Raw data'!#REF! -> #REF! | D1035: =VLOOKUP(C1035,'점포코드 '!A:B,2,0) -> #REF! | E1035: ='Raw data'!#REF! -> #REF! | F1035: =VLOOKUP(E1035,'점포코드 '!A:B,2,0) -> #REF! | G1035: ='Raw data'!#REF! -> #REF! | H1035: ='Raw data'!#REF! -> #REF! | I1035: =VLOOKUP(G1035,제품명!$C$1:$E$114,2,0) -> #REF! | J1035: ='Raw data'!#REF! -> #REF! | K1035: ='Raw data'!#REF! -> #REF! | L1035: =J1035*K1035 -> #REF!
B1036: =F1036&I1036 -> #N/A | C1036: ='Raw data'!E945 -> 0 | D1036: =VLOOKUP(C1036,'점포코드 '!A:B,2,0) -> #N/A | E1036: ='Raw data'!P945 -> 0 | F1036: =VLOOKUP(E1036,'점포코드 '!A:B,2,0) -> #N/A | G1036: ='Raw data'!F945 -> 0 | H1036: ='Raw data'!G945 -> 0 | I1036: =VLOOKUP(G1036,제품명!$C$1:$E$114,2,0) -> #N/A | J1036: ='Raw data'!K945 -> 0 | K1036: ='Raw data'!H945 -> 0 | L1036: =J1036*K1036 -> 0
B1037: =F1037&I1037 -> #N/A | C1037: ='Raw data'!E946 -> 0 | D1037: =VLOOKUP(C1037,'점포코드 '!A:B,2,0) -> #N/A | E1037: ='Raw data'!P946 -> 0 | F1037: =VLOOKUP(E1037,'점포코드 '!A:B,2,0) -> #N/A | G1037: ='Raw data'!F946 -> 0 | H1037: ='Raw data'!G946 -> 0 | I1037: =VLOOKUP(G1037,제품명!$C$1:$E$114,2,0) -> #N/A | J1037: ='Raw data'!K946 -> 0 | K1037: ='Raw data'!H946 -> 0 | L1037: =J1037*K1037 -> 0
B1038: =F1038&I1038 -> #N/A | C1038: ='Raw data'!E947 -> 0 | D1038: =VLOOKUP(C1038,'점포코드 '!A:B,2,0) -> #N/A | E1038: ='Raw data'!P947 -> 0 | F1038: =VLOOKUP(E1038,'점포코드 '!A:B,2,0) -> #N/A | G1038: ='Raw data'!F947 -> 0 | H1038: ='Raw data'!G947 -> 0 | I1038: =VLOOKUP(G1038,제품명!$C$1:$E$114,2,0) -> #N/A | J1038: ='Raw data'!K947 -> 0 | K1038: ='Raw data'!H947 -> 0 | L1038: =J1038*K1038 -> 0
B1039: =F1039&I1039 -> #N/A | C1039: ='Raw data'!E948 -> 0 | D1039: =VLOOKUP(C1039,'점포코드 '!A:B,2,0) -> #N/A | E1039: ='Raw data'!P948 -> 0 | F1039: =VLOOKUP(E1039,'점포코드 '!A:B,2,0) -> #N/A | G1039: ='Raw data'!F948 -> 0 | H1039: ='Raw data'!G948 -> 0 | I1039: =VLOOKUP(G1039,제품명!$C$1:$E$114,2,0) -> #N/A | J1039: ='Raw data'!K948 -> 0 | K1039: ='Raw data'!H948 -> 0 | L1039: =J1039*K1039 -> 0
B1040: =F1040&I1040 -> #N/A | C1040: ='Raw data'!E949 -> 0 | D1040: =VLOOKUP(C1040,'점포코드 '!A:B,2,0) -> #N/A | E1040: ='Raw data'!P949 -> 0 | F1040: =VLOOKUP(E1040,'점포코드 '!A:B,2,0) -> #N/A | G1040: ='Raw data'!F949 -> 0 | H1040: ='Raw data'!G949 -> 0 | I1040: =VLOOKUP(G1040,제품명!$C$1:$E$114,2,0) -> #N/A | J1040: ='Raw data'!K949 -> 0 | K1040: ='Raw data'!H949 -> 0 | L1040: =J1040*K1040 -> 0
B1041: =F1041&I1041 -> #N/A | C1041: ='Raw data'!E950 -> 0 | D1041: =VLOOKUP(C1041,'점포코드 '!A:B,2,0) -> #N/A | E1041: ='Raw data'!P950 -> 0 | F1041: =VLOOKUP(E1041,'점포코드 '!A:B,2,0) -> #N/A | G1041: ='Raw data'!F950 -> 0 | H1041: ='Raw data'!G950 -> 0 | I1041: =VLOOKUP(G1041,제품명!$C$1:$E$114,2,0) -> #N/A | J1041: ='Raw data'!K950 -> 0 | K1041: ='Raw data'!H950 -> 0 | L1041: =J1041*K1041 -> 0
B1042: =F1042&I1042 -> #N/A | C1042: ='Raw data'!E951 -> 0 | D1042: =VLOOKUP(C1042,'점포코드 '!A:B,2,0) -> #N/A | E1042: ='Raw data'!P951 -> 0 | F1042: =VLOOKUP(E1042,'점포코드 '!A:B,2,0) -> #N/A | G1042: ='Raw data'!F951 -> 0 | H1042: ='Raw data'!G951 -> 0 | I1042: =VLOOKUP(G1042,제품명!$C$1:$E$114,2,0) -> #N/A | J1042: ='Raw data'!K951 -> 0 | K1042: ='Raw data'!H951 -> 0 | L1042: =J1042*K1042 -> 0
B1043: =F1043&I1043 -> #N/A | C1043: ='Raw data'!E952 -> 0 | D1043: =VLOOKUP(C1043,'점포코드 '!A:B,2,0) -> #N/A | E1043: ='Raw data'!P952 -> 0 | F1043: =VLOOKUP(E1043,'점포코드 '!A:B,2,0) -> #N/A | G1043: ='Raw data'!F952 -> 0 | H1043: ='Raw data'!G952 -> 0 | I1043: =VLOOKUP(G1043,제품명!$C$1:$E$114,2,0) -> #N/A | J1043: ='Raw data'!K952 -> 0 | K1043: ='Raw data'!H952 -> 0 | L1043: =J1043*K1043 -> 0
B1044: =F1044&I1044 -> #N/A | C1044: ='Raw data'!E953 -> 0 | D1044: =VLOOKUP(C1044,'점포코드 '!A:B,2,0) -> #N/A | E1044: ='Raw data'!P953 -> 0 | F1044: =VLOOKUP(E1044,'점포코드 '!A:B,2,0) -> #N/A | G1044: ='Raw data'!F953 -> 0 | H1044: ='Raw data'!G953 -> 0 | I1044: =VLOOKUP(G1044,제품명!$C$1:$E$114,2,0) -> #N/A | J1044: ='Raw data'!K953 -> 0 | K1044: ='Raw data'!H953 -> 0 | L1044: =J1044*K1044 -> 0
B1045: =F1045&I1045 -> #N/A | C1045: ='Raw data'!E954 -> 0 | D1045: =VLOOKUP(C1045,'점포코드 '!A:B,2,0) -> #N/A | E1045: ='Raw data'!P954 -> 0 | F1045: =VLOOKUP(E1045,'점포코드 '!A:B,2,0) -> #N/A | G1045: ='Raw data'!F954 -> 0 | H1045: ='Raw data'!G954 -> 0 | I1045: =VLOOKUP(G1045,제품명!$C$1:$E$114,2,0) -> #N/A | J1045: ='Raw data'!K954 -> 0 | K1045: ='Raw data'!H954 -> 0 | L1045: =J1045*K1045 -> 0
B1046: =F1046&I1046 -> #N/A | C1046: ='Raw data'!E955 -> 0 | D1046: =VLOOKUP(C1046,'점포코드 '!A:B,2,0) -> #N/A | E1046: ='Raw data'!P955 -> 0 | F1046: =VLOOKUP(E1046,'점포코드 '!A:B,2,0) -> #N/A | G1046: ='Raw data'!F955 -> 0 | H1046: ='Raw data'!G955 -> 0 | I1046: =VLOOKUP(G1046,제품명!$C$1:$E$114,2,0) -> #N/A | J1046: ='Raw data'!K955 -> 0 | K1046: ='Raw data'!H955 -> 0 | L1046: =J1046*K1046 -> 0
B1047: =F1047&I1047 -> #N/A | C1047: ='Raw data'!E956 -> 0 | D1047: =VLOOKUP(C1047,'점포코드 '!A:B,2,0) -> #N/A | E1047: ='Raw data'!P956 -> 0 | F1047: =VLOOKUP(E1047,'점포코드 '!A:B,2,0) -> #N/A | G1047: ='Raw data'!F956 -> 0 | H1047: ='Raw data'!G956 -> 0 | I1047: =VLOOKUP(G1047,제품명!$C$1:$E$114,2,0) -> #N/A | J1047: ='Raw data'!K956 -> 0 | K1047: ='Raw data'!H956 -> 0 | L1047: =J1047*K1047 -> 0
... B2092: =F2092&I2092 -> #N/A | C2092: ='Raw data'!E2001 -> 0 | D2092: =VLOOKUP(C2092,'점포코드 '!A:B,2,0) -> #N/A | E2092: ='Raw data'!P2001 -> 0 | F2092: =VLOOKUP(E2092,'점포코드 '!A:B,2,0) -> #N/A | G2092: ='Raw data'!F2001 -> 0 | H2092: ='Raw data'!G2001 -> 0 | I2092: =VLOOKUP(G2092,제품명!$C$1:$E$114,2,0) -> #N/A | J2092: ='Raw data'!K2001 -> 0 | K2092: ='Raw data'!H2001 -> 0 | L2092: =J2092*K2092 -> 0
B2093: =F2093&I2093 -> #N/A | C2093: ='Raw data'!E2002 -> 0 | D2093: =VLOOKUP(C2093,'점포코드 '!A:B,2,0) -> #N/A | E2093: ='Raw data'!P1669 -> 0 | F2093: =VLOOKUP(E2093,'점포코드 '!A:B,2,0) -> #N/A | G2093: ='Raw data'!F2002 -> 0 | H2093: ='Raw data'!G2002 -> 0 | I2093: =VLOOKUP(G2093,제품명!$C$1:$E$114,2,0) -> #N/A | J2093: ='Raw data'!K2002 -> 0 | K2093: ='Raw data'!H2002 -> 0 | L2093: =J2093*K2093 -> 0
B2094: =F2094&I2094 -> #N/A | C2094: ='Raw data'!E2003 -> 0 | D2094: =VLOOKUP(C2094,'점포코드 '!A:B,2,0) -> #N/A | E2094: ='Raw data'!P1670 -> 0 | F2094: =VLOOKUP(E2094,'점포코드 '!A:B,2,0) -> #N/A | G2094: ='Raw data'!F2003 -> 0 | H2094: ='Raw data'!G2003 -> 0 | I2094: =VLOOKUP(G2094,제품명!$C$1:$E$114,2,0) -> #N/A | J2094: ='Raw data'!K2003 -> 0 | K2094: ='Raw data'!H2003 -> 0 | L2094: =J2094*K2094 -> 0
B2095: =F2095&I2095 -> #N/A | C2095: ='Raw data'!E2004 -> 0 | D2095: =VLOOKUP(C2095,'점포코드 '!A:B,2,0) -> #N/A | E2095: ='Raw data'!P1671 -> 0 | F2095: =VLOOKUP(E2095,'점포코드 '!A:B,2,0) -> #N/A | G2095: ='Raw data'!F2004 -> 0 | H2095: ='Raw data'!G2004 -> 0 | I2095: =VLOOKUP(G2095,제품명!$C$1:$E$114,2,0) -> #N/A | J2095: ='Raw data'!K2004 -> 0 | K2095: ='Raw data'!H2004 -> 0 | L2095: =J2095*K2095 -> 0
B2096: =F2096&I2096 -> #N/A | C2096: ='Raw data'!E2005 -> 0 | D2096: =VLOOKUP(C2096,'점포코드 '!A:B,2,0) -> #N/A | E2096: ='Raw data'!P1672 -> 0 | F2096: =VLOOKUP(E2096,'점포코드 '!A:B,2,0) -> #N/A | G2096: ='Raw data'!F2005 -> 0 | H2096: ='Raw data'!G2005 -> 0 | I2096: =VLOOKUP(G2096,제품명!$C$1:$E$114,2,0) -> #N/A | J2096: ='Raw data'!K2005 -> 0 | K2096: ='Raw data'!H2005 -> 0 | L2096: =J2096*K2096 -> 0
B2097: =F2097&I2097 -> #N/A | C2097: ='Raw data'!E2006 -> 0 | D2097: =VLOOKUP(C2097,'점포코드 '!A:B,2,0) -> #N/A | E2097: ='Raw data'!P1673 -> 0 | F2097: =VLOOKUP(E2097,'점포코드 '!A:B,2,0) -> #N/A | G2097: ='Raw data'!F2006 -> 0 | H2097: ='Raw data'!G2006 -> 0 | I2097: =VLOOKUP(G2097,제품명!$C$1:$E$114,2,0) -> #N/A | J2097: ='Raw data'!K2006 -> 0 | K2097: ='Raw data'!H2006 -> 0 | L2097: =J2097*K2097 -> 0
B2098: =F2098&I2098 -> #N/A | C2098: ='Raw data'!E2007 -> 0 | D2098: =VLOOKUP(C2098,'점포코드 '!A:B,2,0) -> #N/A | E2098: ='Raw data'!P1674 -> 0 | F2098: =VLOOKUP(E2098,'점포코드 '!A:B,2,0) -> #N/A | G2098: ='Raw data'!F2007 -> 0 | H2098: ='Raw data'!G2007 -> 0 | I2098: =VLOOKUP(G2098,제품명!$C$1:$E$114,2,0) -> #N/A | J2098: ='Raw data'!K2007 -> 0 | K2098: ='Raw data'!H2007 -> 0 | L2098: =J2098*K2098 -> 0
B2099: =F2099&I2099 -> #N/A | C2099: ='Raw data'!E2008 -> 0 | D2099: =VLOOKUP(C2099,'점포코드 '!A:B,2,0) -> #N/A | E2099: ='Raw data'!P1675 -> 0 | F2099: =VLOOKUP(E2099,'점포코드 '!A:B,2,0) -> #N/A | G2099: ='Raw data'!F2008 -> 0 | H2099: ='Raw data'!G2008 -> 0 | I2099: =VLOOKUP(G2099,제품명!$C$1:$E$114,2,0) -> #N/A | J2099: ='Raw data'!K2008 -> 0 | K2099: ='Raw data'!H2008 -> 0 | L2099: =J2099*K2099 -> 0
B2100: =F2100&I2100 -> #N/A | C2100: ='Raw data'!E2009 -> 0 | D2100: =VLOOKUP(C2100,'점포코드 '!A:B,2,0) -> #N/A | E2100: ='Raw data'!P1676 -> 0 | F2100: =VLOOKUP(E2100,'점포코드 '!A:B,2,0) -> #N/A | G2100: ='Raw data'!F2009 -> 0 | H2100: ='Raw data'!G2009 -> 0 | I2100: =VLOOKUP(G2100,제품명!$C$1:$E$114,2,0) -> #N/A | J2100: ='Raw data'!K2009 -> 0 | K2100: ='Raw data'!H2009 -> 0 | L2100: =J2100*K2100 -> 0
B2101: =F2101&I2101 -> #N/A | C2101: ='Raw data'!E2010 -> 0 | D2101: =VLOOKUP(C2101,'점포코드 '!A:B,2,0) -> #N/A | E2101: ='Raw data'!P1677 -> 0 | F2101: =VLOOKUP(E2101,'점포코드 '!A:B,2,0) -> #N/A | G2101: ='Raw data'!F2010 -> 0 | H2101: ='Raw data'!G2010 -> 0 | I2101: =VLOOKUP(G2101,제품명!$C$1:$E$114,2,0) -> #N/A | J2101: ='Raw data'!K2010 -> 0 | K2101: ='Raw data'!H2010 -> 0 | L2101: =J2101*K2101 -> 0
B2102: =F2102&I2102 -> #N/A | C2102: ='Raw data'!E2011 -> 0 | D2102: =VLOOKUP(C2102,'점포코드 '!A:B,2,0) -> #N/A | E2102: ='Raw data'!P1678 -> 0 | F2102: =VLOOKUP(E2102,'점포코드 '!A:B,2,0) -> #N/A | G2102: ='Raw data'!F2011 -> 0 | H2102: ='Raw data'!G2011 -> 0 | I2102: =VLOOKUP(G2102,제품명!$C$1:$E$114,2,0) -> #N/A | J2102: ='Raw data'!K2011 -> 0 | K2102: ='Raw data'!H2011 -> 0 | L2102: =J2102*K2102 -> 0
B2103: =F2103&I2103 -> #N/A | C2103: ='Raw data'!E2012 -> 0 | D2103: =VLOOKUP(C2103,'점포코드 '!A:B,2,0) -> #N/A | E2103: ='Raw data'!P1679 -> 0 | F2103: =VLOOKUP(E2103,'점포코드 '!A:B,2,0) -> #N/A | G2103: ='Raw data'!F2012 -> 0 | H2103: ='Raw data'!G2012 -> 0 | I2103: =VLOOKUP(G2103,제품명!$C$1:$E$114,2,0) -> #N/A | J2103: ='Raw data'!K2012 -> 0 | K2103: ='Raw data'!H2012 -> 0 | L2103: =J2103*K2103 -> 0
B2104: =F2104&I2104 -> #N/A | C2104: ='Raw data'!E2013 -> 0 | D2104: =VLOOKUP(C2104,'점포코드 '!A:B,2,0) -> #N/A | E2104: ='Raw data'!P1680 -> 0 | F2104: =VLOOKUP(E2104,'점포코드 '!A:B,2,0) -> #N/A | G2104: ='Raw data'!F2013 -> 0 | H2104: ='Raw data'!G2013 -> 0 | I2104: =VLOOKUP(G2104,제품명!$C$1:$E$114,2,0) -> #N/A | J2104: ='Raw data'!K2013 -> 0 | K2104: ='Raw data'!H2013 -> 0 | L2104: =J2104*K2104 -> 0
... B2125: =F2125&I2125 -> #N/A | C2125: ='Raw data'!E2034 -> 0 | D2125: =VLOOKUP(C2125,'점포코드 '!A:B,2,0) -> #N/A | E2125: ='Raw data'!P1701 -> 0 | F2125: =VLOOKUP(E2125,'점포코드 '!A:B,2,0) -> #N/A | G2125: ='Raw data'!F2034 -> 0 | H2125: ='Raw data'!G2034 -> 0 | I2125: =VLOOKUP(G2125,제품명!$C$1:$E$114,2,0) -> #N/A | J2125: ='Raw data'!K2034 -> 0 | K2125: ='Raw data'!H2034 -> 0 | L2125: =J2125*K2125 -> 0
B2126: =F2126&I2126 -> #N/A | C2126: ='Raw data'!E1702 -> 0 | D2126: =VLOOKUP(C2126,'점포코드 '!A:B,2,0) -> #N/A | E2126: ='Raw data'!P1702 -> 0 | F2126: =VLOOKUP(E2126,'점포코드 '!A:B,2,0) -> #N/A | G2126: ='Raw data'!F2035 -> 0 | H2126: ='Raw data'!G2035 -> 0 | I2126: =VLOOKUP(G2126,제품명!$C$1:$E$114,2,0) -> #N/A | J2126: ='Raw data'!K2035 -> 0 | K2126: ='Raw data'!H2035 -> 0 | L2126: =J2126*K2126 -> 0
B2127: =F2127&I2127 -> #N/A | C2127: ='Raw data'!E1703 -> 0 | D2127: =VLOOKUP(C2127,'점포코드 '!A:B,2,0) -> #N/A | E2127: ='Raw data'!P1703 -> 0 | F2127: =VLOOKUP(E2127,'점포코드 '!A:B,2,0) -> #N/A | G2127: ='Raw data'!F2036 -> 0 | H2127: ='Raw data'!G2036 -> 0 | I2127: =VLOOKUP(G2127,제품명!$C$1:$E$114,2,0) -> #N/A | J2127: ='Raw data'!K2036 -> 0 | K2127: ='Raw data'!H2036 -> 0 | L2127: =J2127*K2127 -> 0
B2128: =F2128&I2128 -> #N/A | C2128: ='Raw data'!E1704 -> 0 | D2128: =VLOOKUP(C2128,'점포코드 '!A:B,2,0) -> #N/A | E2128: ='Raw data'!P1704 -> 0 | F2128: =VLOOKUP(E2128,'점포코드 '!A:B,2,0) -> #N/A | G2128: ='Raw data'!F2037 -> 0 | H2128: ='Raw data'!G2037 -> 0 | I2128: =VLOOKUP(G2128,제품명!$C$1:$E$114,2,0) -> #N/A | J2128: ='Raw data'!K2037 -> 0 | K2128: ='Raw data'!H2037 -> 0 | L2128: =J2128*K2128 -> 0
B2129: =F2129&I2129 -> #N/A | C2129: ='Raw data'!E1705 -> 0 | D2129: =VLOOKUP(C2129,'점포코드 '!A:B,2,0) -> #N/A | E2129: ='Raw data'!P1705 -> 0 | F2129: =VLOOKUP(E2129,'점포코드 '!A:B,2,0) -> #N/A | G2129: ='Raw data'!F2038 -> 0 | H2129: ='Raw data'!G2038 -> 0 | I2129: =VLOOKUP(G2129,제품명!$C$1:$E$114,2,0) -> #N/A | J2129: ='Raw data'!K2038 -> 0 | K2129: ='Raw data'!H2038 -> 0 | L2129: =J2129*K2129 -> 0
B2130: =F2130&I2130 -> #N/A | C2130: ='Raw data'!E1706 -> 0 | D2130: =VLOOKUP(C2130,'점포코드 '!A:B,2,0) -> #N/A | E2130: ='Raw data'!P1706 -> 0 | F2130: =VLOOKUP(E2130,'점포코드 '!A:B,2,0) -> #N/A | G2130: ='Raw data'!F2039 -> 0 | H2130: ='Raw data'!G2039 -> 0 | I2130: =VLOOKUP(G2130,제품명!$C$1:$E$114,2,0) -> #N/A | J2130: ='Raw data'!K2039 -> 0 | K2130: ='Raw data'!H2039 -> 0 | L2130: =J2130*K2130 -> 0
B2131: =F2131&I2131 -> #N/A | C2131: ='Raw data'!E1707 -> 0 | D2131: =VLOOKUP(C2131,'점포코드 '!A:B,2,0) -> #N/A | E2131: ='Raw data'!P1707 -> 0 | F2131: =VLOOKUP(E2131,'점포코드 '!A:B,2,0) -> #N/A | G2131: ='Raw data'!F2040 -> 0 | H2131: ='Raw data'!G2040 -> 0 | I2131: =VLOOKUP(G2131,제품명!$C$1:$E$114,2,0) -> #N/A | J2131: ='Raw data'!K2040 -> 0 | K2131: ='Raw data'!H2040 -> 0 | L2131: =J2131*K2131 -> 0
B2132: =F2132&I2132 -> #N/A | C2132: ='Raw data'!E1708 -> 0 | D2132: =VLOOKUP(C2132,'점포코드 '!A:B,2,0) -> #N/A | E2132: ='Raw data'!P1708 -> 0 | F2132: =VLOOKUP(E2132,'점포코드 '!A:B,2,0) -> #N/A | G2132: ='Raw data'!F2041 -> 0 | H2132: ='Raw data'!G2041 -> 0 | I2132: =VLOOKUP(G2132,제품명!$C$1:$E$114,2,0) -> #N/A | J2132: ='Raw data'!K2041 -> 0 | K2132: ='Raw data'!H2041 -> 0 | L2132: =J2132*K2132 -> 0
B2133: =F2133&I2133 -> #N/A | C2133: ='Raw data'!E1709 -> 0 | D2133: =VLOOKUP(C2133,'점포코드 '!A:B,2,0) -> #N/A | E2133: ='Raw data'!P1709 -> 0 | F2133: =VLOOKUP(E2133,'점포코드 '!A:B,2,0) -> #N/A | G2133: ='Raw data'!F2042 -> 0 | H2133: ='Raw data'!G2042 -> 0 | I2133: =VLOOKUP(G2133,제품명!$C$1:$E$114,2,0) -> #N/A | J2133: ='Raw data'!K2042 -> 0 | K2133: ='Raw data'!H2042 -> 0 | L2133: =J2133*K2133 -> 0
B2134: =F2134&I2134 -> #N/A | C2134: ='Raw data'!E1710 -> 0 | D2134: =VLOOKUP(C2134,'점포코드 '!A:B,2,0) -> #N/A | E2134: ='Raw data'!P1710 -> 0 | F2134: =VLOOKUP(E2134,'점포코드 '!A:B,2,0) -> #N/A | G2134: ='Raw data'!F2043 -> 0 | H2134: ='Raw data'!G2043 -> 0 | I2134: =VLOOKUP(G2134,제품명!$C$1:$E$114,2,0) -> #N/A | J2134: ='Raw data'!K2043 -> 0 | K2134: ='Raw data'!H2043 -> 0 | L2134: =J2134*K2134 -> 0
B2135: =F2135&I2135 -> #N/A | C2135: ='Raw data'!E1711 -> 0 | D2135: =VLOOKUP(C2135,'점포코드 '!A:B,2,0) -> #N/A | E2135: ='Raw data'!P1711 -> 0 | F2135: =VLOOKUP(E2135,'점포코드 '!A:B,2,0) -> #N/A | G2135: ='Raw data'!F2044 -> 0 | H2135: ='Raw data'!G2044 -> 0 | I2135: =VLOOKUP(G2135,제품명!$C$1:$E$114,2,0) -> #N/A | J2135: ='Raw data'!K2044 -> 0 | K2135: ='Raw data'!H2044 -> 0 | L2135: =J2135*K2135 -> 0
...

Sheet Summary(수주업로드용)
H1: =SUBTOTAL(9,H3:H428) -> 194 | J1: =SUBTOTAL(9,J3:J414) -> 686534 | L1: 17128 | P1: af1 더마
A2: Sum Code | B2: 발주코드 | D2: 배송코드 | F2: 상품코드 | H2: UNIT수량 | I2: UNIT단가 | J2: Total Amount | K2: =VLOOKUP(F2,'SUM(히아풀젤,폼 아이캐쳐붙인걸로)'!A:E,5,0) -> #N/A | L2: 오늘재고
A3: =D3&F3 -> 81010902ME90621NA7 | B3: 81010000 | D3: 81010902 | E3: 시화물류센터 | F3: ME90621NA7 | H3: =SUMIF('서식(직납)'!B:L,'Summary(수주업로드용)'!A3,'서식(직납)'!J:J) -> 6 | I3: =IF(H3="0","0",VLOOKUP(A3,'서식(직납)'!B:K,10,0)) -> 4469 | J3: =H3*I3 -> 26814 | K3: =VLOOKUP(F3,'SUM(히아풀젤,폼 아이캐쳐붙인걸로)'!A:E,5,0) -> 0 | M3: =VLOOKUP(F3,제품명!$D:$E,2,0) -> (new)아크네스 클리어 앤 화이트 포밍 워시 150ml 1+1
A4: =D4&F4 -> 81010902ME90621AT3 | B4: 81010000 | D4: 81010902 | E4: 시화물류센터 | F4: ME90621AT3 | H4: =SUMIF('서식(직납)'!B:L,'Summary(수주업로드용)'!A4,'서식(직납)'!J:J) -> 0 | I4: =IF(H4="0","0",VLOOKUP(A4,'서식(직납)'!B:K,10,0)) -> #N/A | J4: =H4*I4 -> #N/A | K4: =VLOOKUP(F4,'SUM(히아풀젤,폼 아이캐쳐붙인걸로)'!A:E,4,0) -> #N/A | M4: 히아풀 수딩 젤&수딩 폼
A5: =D5&F5 -> 81010902ME90621A07 | B5: 81010000 | D5: 81010902 | E5: 시화물류센터 | F5: ME90621A07 | H5: =SUMIF('서식(직납)'!B:L,'Summary(수주업로드용)'!A5,'서식(직납)'!J:J) -> 0 | I5: =IF(H5="0","0",VLOOKUP(A5,'서식(직납)'!B:K,10,0)) -> #N/A | J5: =H5*I5 -> #N/A | K5: =VLOOKUP(F5,'SUM(히아풀젤,폼 아이캐쳐붙인걸로)'!A:E,4,0) -> #N/A | M5: 무조건 E로 붙여진거 출고할것 !!!!
A6: =D6&F6 -> 81010902ME90621ADI | B6: 81010000 | D6: 81010902 | E6: 시화물류센터 | F6: ME90621ADI | H6: =SUMIF('서식(직납)'!B:L,'Summary(수주업로드용)'!A6,'서식(직납)'!J:J) -> 0 | I6: =IF(H6="0","0",VLOOKUP(A6,'서식(직납)'!B:K,10,0)) -> #N/A | J6: =H6*I6 -> #N/A | K6: =VLOOKUP(F6,'SUM(히아풀젤,폼 아이캐쳐붙인걸로)'!A:E,5,0) -> 0 | M6: =VLOOKUP(F6,제품명!$D:$E,2,0) -> (new)아크네스 데일리 딥 클렌저 100g (6입)
A7: =D7&F7 -> 81010902ME90621A04 | B7: 81010000 | D7: 81010902 | E7: 시화물류센터 | F7: ME90621A04 | H7: =SUMIF('서식(직납)'!B:L,'Summary(수주업로드용)'!A7,'서식(직납)'!J:J) -> 0 | I7: =IF(H7="0","0",VLOOKUP(A7,'서식(직납)'!B:K,10,0)) -> #N/A | J7: =H7*I7 -> #N/A | K7: =VLOOKUP(F7,'SUM(히아풀젤,폼 아이캐쳐붙인걸로)'!A:E,4,0) -> #N/A
A8: =D8&F8 -> 81010902ME90621A02 | B8: 81010000 | D8: 81010902 | E8: 시화물류센터 | F8: ME90621A02 | H8: =SUMIF('서식(직납)'!B:L,'Summary(수주업로드용)'!A8,'서식(직납)'!J:J) -> 0 | I8: =IF(H8="0","0",VLOOKUP(A8,'서식(직납)'!B:K,10,0)) -> #N/A | J8: =H8*I8 -> #N/A | K8: =VLOOKUP(F8,'SUM(히아풀젤,폼 아이캐쳐붙인걸로)'!A:E,5,0) -> #N/A
A9: =D9&F9 -> 81010902ME90621AFE | B9: 81010000 | D9: 81010902 | E9: 시화물류센터 | F9: ME90621AFE | H9: =SUMIF('서식(직납)'!B:L,'Summary(수주업로드용)'!A9,'서식(직납)'!J:J) -> 18 | I9: =IF(H9="0","0",VLOOKUP(A9,'서식(직납)'!B:K,10,0)) -> 4469 | J9: =H9*I9 -> 80442 | M9: =VLOOKUP(F9,제품명!$D:$E,2,0) -> 아크네스 포밍워시 200ml (인케이스)-RRP
A10: =D10&F10 -> 81010902ME00621TC3 | B10: 81010000 | D10: 81010902 | E10: 시화물류센터 | F10: ME00621TC3 | H10: =SUMIF('서식(직납)'!B:L,'Summary(수주업로드용)'!A10,'서식(직납)'!J:J) -> 0 | I10: =IF(H10="0","0",VLOOKUP(A10,'서식(직납)'!B:K,10,0)) -> #N/A | J10: =H10*I10 -> #N/A | K10: =VLOOKUP(F10,'SUM(히아풀젤,폼 아이캐쳐붙인걸로)'!A:E,4,0) -> #N/A
A11: =D11&F11 -> 81010902ME00621AB1 | B11: 81010000 | D11: 81010902 | E11: 시화물류센터 | F11: ME00621AB1 | H11: =SUMIF('서식(직납)'!B:L,'Summary(수주업로드용)'!A11,'서식(직납)'!J:J) -> 0 | I11: =IF(H11="0","0",VLOOKUP(A11,'서식(직납)'!B:K,10,0)) -> #N/A | J11: =H11*I11 -> #N/A | K11: =VLOOKUP(F11,'SUM(히아풀젤,폼 아이캐쳐붙인걸로)'!A:E,5,0) -> #N/A
A12: =D12&F12 -> 81010902ME00621C17 | B12: 81010000 | D12: 81010902 | E12: 시화물류센터 | F12: ME00621C17 | H12: =SUMIF('서식(직납)'!B:L,'Summary(수주업로드용)'!A12,'서식(직납)'!J:J) -> 0 | I12: =IF(H12="0","0",VLOOKUP(A12,'서식(직납)'!B:K,10,0)) -> #N/A | J12: =H12*I12 -> #N/A | K12: =VLOOKUP(F12,'SUM(히아풀젤,폼 아이캐쳐붙인걸로)'!A:E,5,0) -> #N/A
A13: =D13&F13 -> 81010902ME00621AT6 | B13: 81010000 | D13: 81010902 | E13: 시화물류센터 | F13: ME00621AT6 | H13: =SUMIF('서식(직납)'!B:L,'Summary(수주업로드용)'!A13,'서식(직납)'!J:J) -> 0 | I13: =IF(H13="0","0",VLOOKUP(A13,'서식(직납)'!B:K,10,0)) -> #N/A | J13: =H13*I13 -> #N/A
A14: =D14&F14 -> 81010902ME00621AM1 | B14: 81010000 | D14: 81010902 | E14: 시화물류센터 | F14: ME00621AM1 | H14: =SUMIF('서식(직납)'!B:L,'Summary(수주업로드용)'!A14,'서식(직납)'!J:J) -> 0 | I14: =IF(H14="0","0",VLOOKUP(A14,'서식(직납)'!B:K,10,0)) -> #N/A | J14: =H14*I14 -> #N/A
A15: =D15&F15 -> 81010902ME00621AS1 | B15: 81010000 | D15: 81010902 | E15: 시화물류센터 | F15: ME00621AS1 | H15: =SUMIF('서식(직납)'!B:L,'Summary(수주업로드용)'!A15,'서식(직납)'!J:J) -> 0 | I15: =IF(H15="0","0",VLOOKUP(A15,'서식(직납)'!B:K,10,0)) -> #N/A | J15: =H15*I15 -> #N/A | K15: =VLOOKUP(F15,'SUM(히아풀젤,폼 아이캐쳐붙인걸로)'!A:E,4,0) -> #N/A
A16: =D16&F16 -> 81010902ME00621AR1 | B16: 81010000 | D16: 81010902 | E16: 시화물류센터 | F16: ME00621AR1 | H16: =SUMIF('서식(직납)'!B:L,'Summary(수주업로드용)'!A16,'서식(직납)'!J:J) -> 0 | I16: =IF(H16="0","0",VLOOKUP(A16,'서식(직납)'!B:K,10,0)) -> #N/A | J16: =H16*I16 -> #N/A | K16: =VLOOKUP(F16,'SUM(히아풀젤,폼 아이캐쳐붙인걸로)'!A:E,4,0) -> #N/A
A17: =D17&F17 -> 81010902ME00621AL1 | B17: 81010000 | D17: 81010902 | E17: 시화물류센터 | F17: ME00621AL1 | H17: =SUMIF('서식(직납)'!B:L,'Summary(수주업로드용)'!A17,'서식(직납)'!J:J) -> 0 | I17: =IF(H17="0","0",VLOOKUP(A17,'서식(직납)'!B:K,10,0)) -> #N/A | J17: =H17*I17 -> #N/A | K17: =VLOOKUP(F17,'SUM(히아풀젤,폼 아이캐쳐붙인걸로)'!A:E,4,0) -> #N/A
A18: =D18&F18 -> 81010902ME00621AG1 | B18: 81010000 | D18: 81010902 | E18: 시화물류센터 | F18: ME00621AG1 | H18: =SUMIF('서식(직납)'!B:L,'Summary(수주업로드용)'!A18,'서식(직납)'!J:J) -> 0 | I18: =IF(H18="0","0",VLOOKUP(A18,'서식(직납)'!B:K,10,0)) -> #N/A | J18: =H18*I18 -> #N/A | K18: =VLOOKUP(F18,'SUM(히아풀젤,폼 아이캐쳐붙인걸로)'!A:E,4,0) -> #N/A
A19: =D19&F19 -> 81010902ME00621AF9 | B19: 81010000 | D19: 81010902 | E19: 시화물류센터 | F19: ME00621AF9 | H19: =SUMIF('서식(직납)'!B:L,'Summary(수주업로드용)'!A19,'서식(직납)'!J:J) -> 0 | I19: =IF(H19="0","0",VLOOKUP(A19,'서식(직납)'!B:K,10,0)) -> #N/A | J19: =H19*I19 -> #N/A | K19: =VLOOKUP(F19,'SUM(히아풀젤,폼 아이캐쳐붙인걸로)'!A:E,5,0) -> #N/A | M19: =VLOOKUP(F19,제품명!$D:$E,2,0) -> 아크네스 더마 릴리프 모이스처 폼클렌저
A20: =D20&F20 -> 81010902ME00621A08 | B20: 81010000 | D20: 81010902 | E20: 시화물류센터 | F20: ME00621A08 | H20: =SUMIF('서식(직납)'!B:L,'Summary(수주업로드용)'!A20,'서식(직납)'!J:J) -> 0 | I20: =IF(H20="0","0",VLOOKUP(A20,'서식(직납)'!B:K,10,0)) -> #N/A | J20: =H20*I20 -> #N/A | K20: =VLOOKUP(F20,'SUM(히아풀젤,폼 아이캐쳐붙인걸로)'!A:E,5,0) -> #N/A
A21: =D21&F21 -> 81010902ME90621SM4 | B21: 81010000 | D21: 81010902 | E21: 시화물류센터 | F21: ME90621SM4 | H21: =SUMIF('서식(직납)'!B:L,'Summary(수주업로드용)'!A21,'서식(직납)'!J:J) -> 0 | I21: =IF(H21="0","0",VLOOKUP(A21,'서식(직납)'!B:K,10,0)) -> #N/A | J21: =H21*I21 -> #N/A | K21: =VLOOKUP(F21,'SUM(히아풀젤,폼 아이캐쳐붙인걸로)'!A:E,4,0) -> #N/A
A22: =D22&F22 -> 81010902ME90621SL2 | B22: 81010000 | D22: 81010902 | E22: 시화물류센터 | F22: ME90621SL2 | H22: =SUMIF('서식(직납)'!B:L,'Summary(수주업로드용)'!A22,'서식(직납)'!J:J) -> 0 | I22: =IF(H22="0","0",VLOOKUP(A22,'서식(직납)'!B:K,10,0)) -> #N/A | J22: =H22*I22 -> #N/A | K22: =VLOOKUP(F22,'SUM(히아풀젤,폼 아이캐쳐붙인걸로)'!A:E,4,0) -> #N/A
A23: =D23&F23 -> 81010902ME90621SCM | B23: 81010000 | D23: 81010902 | E23: 시화물류센터 | F23: ME90621SCM | H23: =SUMIF('서식(직납)'!B:L,'Summary(수주업로드용)'!A23,'서식(직납)'!J:J) -> 0 | I23: =IF(H23="0","0",VLOOKUP(A23,'서식(직납)'!B:K,10,0)) -> #N/A | J23: =H23*I23 -> #N/A | K23: =VLOOKUP(F23,'SUM(히아풀젤,폼 아이캐쳐붙인걸로)'!A:E,4,0) -> #N/A
A24: =D24&F24 -> 81010902ME90621KW1 | B24: 81010000 | D24: 81010902 | E24: 시화물류센터 | F24: ME90621KW1 | H24: =SUMIF('서식(직납)'!B:L,'Summary(수주업로드용)'!A24,'서식(직납)'!J:J) -> 0 | I24: =IF(H24="0","0",VLOOKUP(A24,'서식(직납)'!B:K,10,0)) -> #N/A | J24: =H24*I24 -> #N/A | K24: =VLOOKUP(F24,'SUM(히아풀젤,폼 아이캐쳐붙인걸로)'!A:E,4,0) -> #N/A
A25: =D25&F25 -> 81010902ME00621H51 | B25: 81010000 | D25: 81010902 | E25: 시화물류센터 | F25: ME00621H51 | H25: =SUMIF('서식(직납)'!B:L,'Summary(수주업로드용)'!A25,'서식(직납)'!J:J) -> 0 | I25: =IF(H25="0","0",VLOOKUP(A25,'서식(직납)'!B:K,10,0)) -> #N/A | J25: =H25*I25 -> #N/A | K25: =VLOOKUP(F25,'SUM(히아풀젤,폼 아이캐쳐붙인걸로)'!A:E,4,0) -> #N/A
A26: =D26&F26 -> 81010902ME90621GPM | B26: 81010000 | D26: 81010902 | E26: 시화물류센터 | F26: ME90621GPM | H26: =SUMIF('서식(직납)'!B:L,'Summary(수주업로드용)'!A26,'서식(직납)'!J:J) -> 0 | I26: =IF(H26="0","0",VLOOKUP(A26,'서식(직납)'!B:K,10,0)) -> #N/A | J26: =H26*I26 -> #N/A | K26: =VLOOKUP(F26,'SUM(히아풀젤,폼 아이캐쳐붙인걸로)'!A:E,4,0) -> #N/A
A27: =D27&F27 -> 81010902ME90621GPL | B27: 81010000 | D27: 81010902 | E27: 시화물류센터 | F27: ME90621GPL | H27: =SUMIF('서식(직납)'!B:L,'Summary(수주업로드용)'!A27,'서식(직납)'!J:J) -> 0 | I27: =IF(H27="0","0",VLOOKUP(A27,'서식(직납)'!B:K,10,0)) -> #N/A | J27: =H27*I27 -> #N/A | K27: =VLOOKUP(F27,'SUM(히아풀젤,폼 아이캐쳐붙인걸로)'!A:E,4,0) -> #N/A
A28: =D28&F28 -> 81010902ME90621GPJ | B28: 81010000 | D28: 81010902 | E28: 시화물류센터 | F28: ME90621GPJ | H28: =SUMIF('서식(직납)'!B:L,'Summary(수주업로드용)'!A28,'서식(직납)'!J:J) -> 0 | I28: =IF(H28="0","0",VLOOKUP(A28,'서식(직납)'!B:K,10,0)) -> #N/A | J28: =H28*I28 -> #N/A | K28: =VLOOKUP(F28,'SUM(히아풀젤,폼 아이캐쳐붙인걸로)'!A:E,4,0) -> #N/A
A29: =D29&F29 -> 81010902ME90621GO8 | B29: 81010000 | D29: 81010902 | E29: 시화물류센터 | F29: ME90621GO8 | H29: =SUMIF('서식(직납)'!B:L,'Summary(수주업로드용)'!A29,'서식(직납)'!J:J) -> 0 | I29: =IF(H29="0","0",VLOOKUP(A29,'서식(직납)'!B:K,10,0)) -> #N/A | J29: =H29*I29 -> #N/A | M29: =VLOOKUP(F29,제품명!$D:$E,2,0) -> 하다라보 고쿠쥰 오일 클렌징 200ml
A30: =D30&F30 -> 81010902ME90621GM5 | B30: 81010000 | D30: 81010902 | E30: 시화물류센터 | F30: ME90621GM5 | H30: =SUMIF('서식(직납)'!B:L,'Summary(수주업로드용)'!A30,'서식(직납)'!J:J) -> 0 | I30: =IF(H30="0","0",VLOOKUP(A30,'서식(직납)'!B:K,10,0)) -> #N/A | J30: =H30*I30 -> #N/A | K30: =VLOOKUP(F30,'SUM(히아풀젤,폼 아이캐쳐붙인걸로)'!A:E,5,0) -> #N/A
A31: =D31&F31 -> 81010902ME90621GLK | B31: 81010000 | D31: 81010902 | E31: 시화물류센터 | F31: ME90621GLK | H31: =SUMIF('서식(직납)'!B:L,'Summary(수주업로드용)'!A31,'서식(직납)'!J:J) -> 0 | I31: =IF(H31="0","0",VLOOKUP(A31,'서식(직납)'!B:K,10,0)) -> #N/A | J31: =H31*I31 -> #N/A
A32: =D32&F32 -> 81010902ME90621GL6 | B32: 81010000 | D32: 81010902 | E32: 시화물류센터 | F32: ME90621GL6 | H32: =SUMIF('서식(직납)'!B:L,'Summary(수주업로드용)'!A32,'서식(직납)'!J:J) -> 0 | I32: =IF(H32="0","0",VLOOKUP(A32,'서식(직납)'!B:K,10,0)) -> #N/A | J32: =H32*I32 -> #N/A | K32: =VLOOKUP(F32,'SUM(히아풀젤,폼 아이캐쳐붙인걸로)'!A:E,4,0) -> #N/A
A33: =D33&F33 -> 81010902ME90621GHV | B33: 81010000 | D33: 81010902 | E33: 시화물류센터 | F33: ME90621GHV | H33: =SUMIF('서식(직납)'!B:L,'Summary(수주업로드용)'!A33,'서식(직납)'!J:J) -> 0 | I33: =IF(H33="0","0",VLOOKUP(A33,'서식(직납)'!B:K,10,0)) -> #N/A | J33: =H33*I33 -> #N/A | K33: =VLOOKUP(F33,'SUM(히아풀젤,폼 아이캐쳐붙인걸로)'!A:E,5,0) -> #N/A
A34: =D34&F34 -> 81010902ME00621H41 | B34: 81010000 | D34: 81010902 | E34: 시화물류센터 | F34: ME00621H41 | H34: =SUMIF('서식(직납)'!B:L,'Summary(수주업로드용)'!A34,'서식(직납)'!J:J) -> 0 | I34: =IF(H34="0","0",VLOOKUP(A34,'서식(직납)'!B:K,10,0)) -> #N/A | J34: =H34*I34 -> #N/A | K34: =VLOOKUP(F34,'SUM(히아풀젤,폼 아이캐쳐붙인걸로)'!A:E,5,0) -> #N/A
A35: =D35&F35 -> 81010902ME00621CM5 | B35: 81010000 | D35: 81010902 | E35: 시화물류센터 | F35: ME00621CM5 | H35: =SUMIF('서식(직납)'!B:L,'Summary(수주업로드용)'!A35,'서식(직납)'!J:J) -> 0 | I35: =IF(H35="0","0",VLOOKUP(A35,'서식(직납)'!B:K,10,0)) -> #N/A | J35: =H35*I35 -> #N/A | K35: =VLOOKUP(F35,'SUM(히아풀젤,폼 아이캐쳐붙인걸로)'!A:E,5,0) -> 0
A36: =D36&F36 -> 81010902ME90621GE1 | B36: 81010000 | D36: 81010902 | E36: 시화물류센터 | F36: ME90621GE1 | H36: =SUMIF('서식(직납)'!B:L,'Summary(수주업로드용)'!A36,'서식(직납)'!J:J) -> 0 | I36: =IF(H36="0","0",VLOOKUP(A36,'서식(직납)'!B:K,10,0)) -> #N/A | J36: =H36*I36 -> #N/A | K36: =VLOOKUP(F36,'SUM(히아풀젤,폼 아이캐쳐붙인걸로)'!A:E,4,0) -> #N/A
A37: =D37&F37 -> 81010902ME90621GCK | B37: 81010000 | D37: 81010902 | E37: 시화물류센터 | F37: ME90621GCK | H37: =SUMIF('서식(직납)'!B:L,'Summary(수주업로드용)'!A37,'서식(직납)'!J:J) -> 0 | I37: =IF(H37="0","0",VLOOKUP(A37,'서식(직납)'!B:K,10,0)) -> #N/A | J37: =H37*I37 -> #N/A | K37: =VLOOKUP(F37,'SUM(히아풀젤,폼 아이캐쳐붙인걸로)'!A:E,4,0) -> #N/A
A38: =D38&F38 -> 81010902ME00621SS1 | B38: 81010000 | D38: 81010902 | E38: 시화물류센터 | F38: ME00621SS1 | H38: =SUMIF('서식(직납)'!B:L,'Summary(수주업로드용)'!A38,'서식(직납)'!J:J) -> 0 | I38: =IF(H38="0","0",VLOOKUP(A38,'서식(직납)'!B:K,10,0)) -> #N/A | J38: =H38*I38 -> #N/A | K38: =VLOOKUP(F38,'SUM(히아풀젤,폼 아이캐쳐붙인걸로)'!A:E,4,0) -> #N/A
A39: =D39&F39 -> 81010902ME00621GP1 | B39: 81010000 | D39: 81010902 | E39: 시화물류센터 | F39: ME00621GP1 | H39: =SUMIF('서식(직납)'!B:L,'Summary(수주업로드용)'!A39,'서식(직납)'!J:J) -> 0 | I39: =IF(H39="0","0",VLOOKUP(A39,'서식(직납)'!B:K,10,0)) -> #N/A | J39: =H39*I39 -> #N/A | K39: =VLOOKUP(F39,'SUM(히아풀젤,폼 아이캐쳐붙인걸로)'!A:E,4,0) -> #N/A
A40: =D40&F40 -> 81010902ME90521GS2 | B40: 81010000 | D40: 81010902 | E40: 시화물류센터 | F40: ME90521GS2 | H40: =SUMIF('서식(직납)'!B:L,'Summary(수주업로드용)'!A40,'서식(직납)'!J:J) -> 0 | I40: =IF(H40="0","0",VLOOKUP(A40,'서식(직납)'!B:K,10,0)) -> #N/A | J40: =H40*I40 -> #N/A | K40: =VLOOKUP(F40,'SUM(히아풀젤,폼 아이캐쳐붙인걸로)'!A:E,5,0) -> 0 | M40: =VLOOKUP(F40,제품명!$D:$E,2,0) -> 립아이스 립밤 스트로베리 (2021) (12입)
A41: =D41&F41 -> 81010902ME90521LD9 | B41: 81010000 | D41: 81010902 | E41: 시화물류센터 | F41: ME90521LD9 | H41: =SUMIF('서식(직납)'!B:L,'Summary(수주업로드용)'!A41,'서식(직납)'!J:J) -> 0 | I41: =IF(H41="0","0",VLOOKUP(A41,'서식(직납)'!B:K,10,0)) -> #N/A | J41: =H41*I41 -> #N/A | K41: =VLOOKUP(F41,'SUM(히아풀젤,폼 아이캐쳐붙인걸로)'!A:E,5,0) -> 0 | M41: =VLOOKUP(F41,제품명!$D:$E,2,0) -> 립아이스 립밤 레몬 (2021) (12입)
A42: =D42&F42 -> 81010902ME90521GT2 | B42: 81010000 | D42: 81010902 | E42: 시화물류센터 | F42: ME90521GT2 | H42: =SUMIF('서식(직납)'!B:L,'Summary(수주업로드용)'!A42,'서식(직납)'!J:J) -> 0 | I42: =IF(H42="0","0",VLOOKUP(A42,'서식(직납)'!B:K,10,0)) -> #N/A | J42: =H42*I42 -> #N/A | K42: =VLOOKUP(F42,'SUM(히아풀젤,폼 아이캐쳐붙인걸로)'!A:E,5,0) -> 0 | M42: =VLOOKUP(F42,제품명!$D:$E,2,0) -> 립아이스 립밤 그레이프프루트 티 (2021) (12입)
A43: =D43&F43 -> 81010902ME90521OC6 | B43: 81010000 | D43: 81010902 | E43: 시화물류센터 | F43: ME90521OC6 | H43: =SUMIF('서식(직납)'!B:L,'Summary(수주업로드용)'!A43,'서식(직납)'!J:J) -> 0 | I43: =IF(H43="0","0",VLOOKUP(A43,'서식(직납)'!B:K,10,0)) -> #N/A | J43: =H43*I43 -> #N/A | K43: =VLOOKUP(F43,'SUM(히아풀젤,폼 아이캐쳐붙인걸로)'!A:E,4,0) -> #N/A
A44: =D44&F44 -> 81010902ME90521OC5 | B44: 81010000 | D44: 81010902 | E44: 시화물류센터 | F44: ME90521OC5 | H44: =SUMIF('서식(직납)'!B:L,'Summary(수주업로드용)'!A44,'서식(직납)'!J:J) -> 0 | I44: =IF(H44="0","0",VLOOKUP(A44,'서식(직납)'!B:K,10,0)) -> #N/A | J44: =H44*I44 -> #N/A | K44: =VLOOKUP(F44,'SUM(히아풀젤,폼 아이캐쳐붙인걸로)'!A:E,4,0) -> #N/A
A45: =D45&F45 -> 81010902ME90521OC4 | B45: 81010000 | D45: 81010902 | E45: 시화물류센터 | F45: ME90521OC4 | H45: =SUMIF('서식(직납)'!B:L,'Summary(수주업로드용)'!A45,'서식(직납)'!J:J) -> 0 | I45: =IF(H45="0","0",VLOOKUP(A45,'서식(직납)'!B:K,10,0)) -> #N/A | J45: =H45*I45 -> #N/A | K45: =VLOOKUP(F45,'SUM(히아풀젤,폼 아이캐쳐붙인걸로)'!A:E,4,0) -> #N/A
A46: =D46&F46 -> 81010902ME90521LR1 | B46: 81010000 | D46: 81010902 | E46: 시화물류센터 | F46: ME90521LR1 | H46: =SUMIF('서식(직납)'!B:L,'Summary(수주업로드용)'!A46,'서식(직납)'!J:J) -> 0 | I46: =IF(H46="0","0",VLOOKUP(A46,'서식(직납)'!B:K,10,0)) -> #N/A | J46: =H46*I46 -> #N/A | K46: =VLOOKUP(F46,'SUM(히아풀젤,폼 아이캐쳐붙인걸로)'!A:E,5,0) -> #N/A
A47: =D47&F47 -> 81010902ME90521EL9 | B47: 81010000 | D47: 81010902 | E47: 시화물류센터 | F47: ME90521EL9 | H47: =SUMIF('서식(직납)'!B:L,'Summary(수주업로드용)'!A47,'서식(직납)'!J:J) -> 0 | I47: =IF(H47="0","0",VLOOKUP(A47,'서식(직납)'!B:K,10,0)) -> #N/A | J47: =H47*I47 -> #N/A | K47: =VLOOKUP(F47,'SUM(히아풀젤,폼 아이캐쳐붙인걸로)'!A:E,5,0) -> 0 | M47: =VLOOKUP(F47,제품명!$D:$E,2,0) -> 딥모이스트 멘솔
A48: =D48&F48 -> 81010902ME90521EL8 | B48: 81010000 | D48: 81010902 | E48: 시화물류센터 | F48: ME90521EL8 | H48: =SUMIF('서식(직납)'!B:L,'Summary(수주업로드용)'!A48,'서식(직납)'!J:J) -> 0 | I48: =IF(H48="0","0",VLOOKUP(A48,'서식(직납)'!B:K,10,0)) -> #N/A | J48: =H48*I48 -> #N/A | K48: =VLOOKUP(F48,'SUM(히아풀젤,폼 아이캐쳐붙인걸로)'!A:E,5,0) -> 0 | M48: =VLOOKUP(F48,제품명!$D:$E,2,0) -> 딥모이스트 내추럴
A49: =D49&F49 -> 81010902ME90521EL7 | B49: 81010000 | D49: 81010902 | E49: 시화물류센터 | F49: ME90521EL7 | H49: =SUMIF('서식(직납)'!B:L,'Summary(수주업로드용)'!A49,'서식(직납)'!J:J) -> 0 | I49: =IF(H49="0","0",VLOOKUP(A49,'서식(직납)'!B:K,10,0)) -> #N/A | J49: =H49*I49 -> #N/A | K49: =VLOOKUP(F49,'SUM(히아풀젤,폼 아이캐쳐붙인걸로)'!A:E,5,0) -> 0 | M49: =VLOOKUP(F49,제품명!$D:$E,2,0) -> 립아이스 틴티드 칼라
A50: =D50&F50 -> 81010902ME90521EL6 | B50: 81010000 | D50: 81010902 | E50: 시화물류센터 | F50: ME90521EL6 | H50: =SUMIF('서식(직납)'!B:L,'Summary(수주업로드용)'!A50,'서식(직납)'!J:J) -> 0 | I50: =IF(H50="0","0",VLOOKUP(A50,'서식(직납)'!B:K,10,0)) -> #N/A | J50: =H50*I50 -> #N/A | K50: =ROUND(J50*0.1,0) -> #N/A | M50: =VLOOKUP(F50,제품명!$D:$E,2,0) -> 매직칼라 딸기
A51: =D51&F51 -> 81010902ME90521EL4 | B51: 81010000 | D51: 81010902 | E51: 시화물류센터 | F51: ME90521EL4 | H51: =SUMIF('서식(직납)'!B:L,'Summary(수주업로드용)'!A51,'서식(직납)'!J:J) -> 0 | I51: =IF(H51="0","0",VLOOKUP(A51,'서식(직납)'!B:K,10,0)) -> #N/A | J51: =H51*I51 -> #N/A | M51: =VLOOKUP(F51,제품명!$D:$E,2,0) -> 메디케이티드 립밤
A52: =D52&F52 -> 81010902ME90521EL0 | B52: 81010000 | D52: 81010902 | E52: 시화물류센터 | F52: ME90521EL0 | H52: =SUMIF('서식(직납)'!B:L,'Summary(수주업로드용)'!A52,'서식(직납)'!J:J) -> 0 | I52: =IF(H52="0","0",VLOOKUP(A52,'서식(직납)'!B:K,10,0)) -> #N/A | J52: =H52*I52 -> #N/A | K52: =VLOOKUP(F52,'SUM(히아풀젤,폼 아이캐쳐붙인걸로)'!A:E,5,0) -> #N/A
A53: =D53&F53 -> 81010902ME90521E18 | B53: 81010000 | D53: 81010902 | E53: 시화물류센터 | F53: ME90521E18 | H53: =SUMIF('서식(직납)'!B:L,'Summary(수주업로드용)'!A53,'서식(직납)'!J:J) -> 0 | I53: =IF(H53="0","0",VLOOKUP(A53,'서식(직납)'!B:K,10,0)) -> #N/A | J53: =H53*I53 -> #N/A | K53: =VLOOKUP(F53,'SUM(히아풀젤,폼 아이캐쳐붙인걸로)'!A:E,5,0) -> 0
A54: =D54&F54 -> 81010902ME90521E13 | B54: 81010000 | D54: 81010902 | E54: 시화물류센터 | F54: ME90521E13 | H54: =SUMIF('서식(직납)'!B:L,'Summary(수주업로드용)'!A54,'서식(직납)'!J:J) -> 0 | I54: =IF(H54="0","0",VLOOKUP(A54,'서식(직납)'!B:K,10,0)) -> #N/A | J54: =H54*I54 -> #N/A | K54: =VLOOKUP(F54,'SUM(히아풀젤,폼 아이캐쳐붙인걸로)'!A:E,5,0) -> #N/A | M54: =VLOOKUP(F54,제품명!$D:$E,2,0) -> 립아이스 틴티드 칼라 스칼렛
A55: =D55&F55 -> 81010902ME90521CC4 | B55: 81010000 | D55: 81010902 | E55: 시화물류센터 | F55: ME90521CC4 | H55: =SUMIF('서식(직납)'!B:L,'Summary(수주업로드용)'!A55,'서식(직납)'!J:J) -> 0 | I55: =IF(H55="0","0",VLOOKUP(A55,'서식(직납)'!B:K,10,0)) -> #N/A | J55: =H55*I55 -> #N/A | K55: =VLOOKUP(F55,'SUM(히아풀젤,폼 아이캐쳐붙인걸로)'!A:E,5,0) -> #N/A
A56: =D56&F56 -> 81010902ME90521CC2 | B56: 81010000 | D56: 81010902 | E56: 시화물류센터 | F56: ME90521CC2 | H56: =SUMIF('서식(직납)'!B:L,'Summary(수주업로드용)'!A56,'서식(직납)'!J:J) -> 0 | I56: =IF(H56="0","0",VLOOKUP(A56,'서식(직납)'!B:K,10,0)) -> #N/A | J56: =H56*I56 -> #N/A | K56: =VLOOKUP(F56,'SUM(히아풀젤,폼 아이캐쳐붙인걸로)'!A:E,5,0) -> #N/A
A57: =D57&F57 -> 81010902ME90521CC1 | B57: 81010000 | D57: 81010902 | E57: 시화물류센터 | F57: ME90521CC1 | H57: =SUMIF('서식(직납)'!B:L,'Summary(수주업로드용)'!A57,'서식(직납)'!J:J) -> 0 | I57: =IF(H57="0","0",VLOOKUP(A57,'서식(직납)'!B:K,10,0)) -> #N/A | J57: =H57*I57 -> #N/A | K57: =VLOOKUP(F57,'SUM(히아풀젤,폼 아이캐쳐붙인걸로)'!A:E,5,0) -> #N/A
A58: =D58&F58 -> 81010902ME00421301 | B58: 81010000 | D58: 81010902 | E58: 시화물류센터 | F58: ME00421301 | H58: =SUMIF('서식(직납)'!B:L,'Summary(수주업로드용)'!A58,'서식(직납)'!J:J) -> 0 | I58: =IF(H58="0","0",VLOOKUP(A58,'서식(직납)'!B:K,10,0)) -> #N/A | J58: =H58*I58 -> #N/A | K58: =VLOOKUP(F58,'SUM(히아풀젤,폼 아이캐쳐붙인걸로)'!A:E,5,0) -> #N/A
A59: =D59&F59 -> 81010902ME00421186 | B59: 81010000 | D59: 81010902 | E59: 시화물류센터 | F59: ME00421186 | H59: =SUMIF('서식(직납)'!B:L,'Summary(수주업로드용)'!A59,'서식(직납)'!J:J) -> 16 | I59: =IF(H59="0","0",VLOOKUP(A59,'서식(직납)'!B:K,10,0)) -> 2326 | J59: =H59*I59 -> 37216 | K59: =VLOOKUP(F59,'SUM(히아풀젤,폼 아이캐쳐붙인걸로)'!A:E,5,0) -> #N/A
A60: =D60&F60 -> 81010902ME00421151 | B60: 81010000 | D60: 81010902 | E60: 시화물류센터 | F60: ME00421151 | H60: =SUMIF('서식(직납)'!B:L,'Summary(수주업로드용)'!A60,'서식(직납)'!J:J) -> 0 | I60: =IF(H60="0","0",VLOOKUP(A60,'서식(직납)'!B:K,10,0)) -> #N/A | J60: =H60*I60 -> #N/A | K60: =VLOOKUP(F60,'SUM(히아풀젤,폼 아이캐쳐붙인걸로)'!A:E,5,0) -> #N/A
A61: =D61&F61 -> 81010902ME91221HPN | B61: 81010000 | D61: 81010902 | E61: 시화물류센터 | F61: ME91221HPN | H61: =SUMIF('서식(직납)'!B:L,'Summary(수주업로드용)'!A61,'서식(직납)'!J:J) -> 0 | I61: =IF(H61="0","0",VLOOKUP(A61,'서식(직납)'!B:K,10,0)) -> #N/A | J61: =H61*I61 -> #N/A | K61: =VLOOKUP(F61,'SUM(히아풀젤,폼 아이캐쳐붙인걸로)'!A:E,5,0) -> #N/A
A62: =D62&F62 -> 81010902ME90621CPS | B62: 81010000 | D62: 81010902 | E62: 시화물류센터 | F62: ME90621CPS | H62: =SUMIF('서식(직납)'!B:L,'Summary(수주업로드용)'!A62,'서식(직납)'!J:J) -> 0 | I62: =IF(H62="0","0",VLOOKUP(A62,'서식(직납)'!B:K,10,0)) -> #N/A | J62: =H62*I62 -> #N/A | K62: =VLOOKUP(F62,'SUM(히아풀젤,폼 아이캐쳐붙인걸로)'!A:E,5,0) -> #N/A
A63: =D63&F63 -> 81010902ME90621CPM | B63: 81010000 | D63: 81010902 | E63: 시화물류센터 | F63: ME90621CPM | H63: =SUMIF('서식(직납)'!B:L,'Summary(수주업로드용)'!A63,'서식(직납)'!J:J) -> 0 | I63: =IF(H63="0","0",VLOOKUP(A63,'서식(직납)'!B:K,10,0)) -> #N/A | J63: =H63*I63 -> #N/A | K63: =VLOOKUP(F63,'SUM(히아풀젤,폼 아이캐쳐붙인걸로)'!A:E,5,0) -> #N/A
A64: =D64&F64 -> 81010902ME90621GP4 | B64: 81010000 | D64: 81010902 | E64: 시화물류센터 | F64: ME90621GP4 | H64: =SUMIF('서식(직납)'!B:L,'Summary(수주업로드용)'!A64,'서식(직납)'!J:J) -> 0 | I64: =IF(H64="0","0",VLOOKUP(A64,'서식(직납)'!B:K,10,0)) -> #N/A | J64: =H64*I64 -> #N/A | K64: =VLOOKUP(F64,'SUM(히아풀젤,폼 아이캐쳐붙인걸로)'!A:E,5,0) -> #N/A
A65: =D65&F65 -> 81010902ME90621TF1 | B65: 81010000 | D65: 81010902 | E65: 시화물류센터 | F65: ME90621TF1 | H65: =SUMIF('서식(직납)'!B:L,'Summary(수주업로드용)'!A65,'서식(직납)'!J:J) -> 0 | I65: =IF(H65="0","0",VLOOKUP(A65,'서식(직납)'!B:K,10,0)) -> #N/A | J65: =H65*I65 -> #N/A | K65: =VLOOKUP(F65,'SUM(히아풀젤,폼 아이캐쳐붙인걸로)'!A:E,5,0) -> #N/A
A66: =D66&F66 -> 81010902ME90621TC1 | B66: 81010000 | D66: 81010902 | E66: 시화물류센터 | F66: ME90621TC1 | H66: =SUMIF('서식(직납)'!B:L,'Summary(수주업로드용)'!A66,'서식(직납)'!J:J) -> 0 | I66: =IF(H66="0","0",VLOOKUP(A66,'서식(직납)'!B:K,10,0)) -> #N/A | J66: =H66*I66 -> #N/A | K66: =VLOOKUP(F66,'SUM(히아풀젤,폼 아이캐쳐붙인걸로)'!A:E,5,0) -> #N/A
A67: =D67&F67 -> 81010902ME80421DR2 | B67: 81010000 | D67: 81010902 | E67: 시화물류센터 | F67: ME80421DR2 | H67: =SUMIF('서식(직납)'!B:L,'Summary(수주업로드용)'!A67,'서식(직납)'!J:J) -> 0 | I67: =IF(H67="0","0",VLOOKUP(A67,'서식(직납)'!B:K,10,0)) -> #N/A | J67: =H67*I67 -> #N/A | K67: =VLOOKUP(F67,'SUM(히아풀젤,폼 아이캐쳐붙인걸로)'!A:E,5,0) -> 입수전환
A68: =D68&F68 -> 81010902ME80421DCH | B68: 81010000 | D68: 81010902 | E68: 시화물류센터 | F68: ME80421DCH | H68: =SUMIF('서식(직납)'!B:L,'Summary(수주업로드용)'!A68,'서식(직납)'!J:J) -> 0 | I68: =IF(H68="0","0",VLOOKUP(A68,'서식(직납)'!B:K,10,0)) -> #N/A | J68: =H68*I68 -> #N/A
A69: =D69&F69 -> 81010902ME00621FMC | B69: 81010000 | D69: 81010902 | E69: 시화물류센터 | F69: ME00621FMC | H69: =SUMIF('서식(직납)'!B:L,'Summary(수주업로드용)'!A69,'서식(직납)'!J:J) -> 0 | I69: =IF(H69="0","0",VLOOKUP(A69,'서식(직납)'!B:K,10,0)) -> #N/A | J69: =H69*I69 -> #N/A | K69: =VLOOKUP(F69,'SUM(히아풀젤,폼 아이캐쳐붙인걸로)'!A:E,5,0) -> #N/A
A70: =D70&F70 -> 81010902ME00621FML | B70: 81010000 | D70: 81010902 | E70: 시화물류센터 | F70: ME00621FML | H70: =SUMIF('서식(직납)'!B:L,'Summary(수주업로드용)'!A70,'서식(직납)'!J:J) -> 0 | I70: =IF(H70="0","0",VLOOKUP(A70,'서식(직납)'!B:K,10,0)) -> #N/A | J70: =H70*I70 -> #N/A | K70: =VLOOKUP(F70,'SUM(히아풀젤,폼 아이캐쳐붙인걸로)'!A:E,5,0) -> #N/A
A71: =D71&F71 -> 81010902ME00621FMP | B71: 81010000 | D71: 81010902 | E71: 시화물류센터 | F71: ME00621FMP | H71: =SUMIF('서식(직납)'!B:L,'Summary(수주업로드용)'!A71,'서식(직납)'!J:J) -> 0 | I71: =IF(H71="0","0",VLOOKUP(A71,'서식(직납)'!B:K,10,0)) -> #N/A | J71: =H71*I71 -> #N/A | K71: =VLOOKUP(F71,'SUM(히아풀젤,폼 아이캐쳐붙인걸로)'!A:E,5,0) -> #N/A
A72: =D72&F72 -> 81010902ME81921SVV | B72: 81010000 | D72: 81010902 | E72: 시화물류센터 | F72: ME81921SVV | H72: =SUMIF('서식(직납)'!B:L,'Summary(수주업로드용)'!A72,'서식(직납)'!J:J) -> 0 | I72: =IF(H72="0","0",VLOOKUP(A72,'서식(직납)'!B:K,10,0)) -> #N/A | J72: =H72*I72 -> #N/A | K72: =VLOOKUP(F72,'SUM(히아풀젤,폼 아이캐쳐붙인걸로)'!A:E,5,0) -> #N/A | M72: =VLOOKUP(F72,제품명!$D:$E,2,0) -> 소프트립스 프렌치바닐라 2g
A73: =D73&F73 -> 81010902ME81921SLL | B73: 81010000 | D73: 81010902 | E73: 시화물류센터 | F73: ME81921SLL | H73: =SUMIF('서식(직납)'!B:L,'Summary(수주업로드용)'!A73,'서식(직납)'!J:J) -> 0 | I73: =IF(H73="0","0",VLOOKUP(A73,'서식(직납)'!B:K,10,0)) -> #N/A | J73: =H73*I73 -> #N/A | K73: =VLOOKUP(F73,'SUM(히아풀젤,폼 아이캐쳐붙인걸로)'!A:E,5,0) -> #N/A
A74: =D74&F74 -> 81010902ME90521MCN | B74: 81010000 | D74: 81010902 | E74: 시화물류센터 | F74: ME90521MCN | H74: =SUMIF('서식(직납)'!B:L,'Summary(수주업로드용)'!A74,'서식(직납)'!J:J) -> 0 | I74: =IF(H74="0","0",VLOOKUP(A74,'서식(직납)'!B:K,10,0)) -> #N/A | J74: =H74*I74 -> #N/A | K74: =VLOOKUP(F74,'SUM(히아풀젤,폼 아이캐쳐붙인걸로)'!A:E,5,0) -> #N/A
A75: =D75&F75 -> 81010902ME90521MCA | B75: 81010000 | D75: 81010902 | E75: 시화물류센터 | F75: ME90521MCA | H75: =SUMIF('서식(직납)'!B:L,'Summary(수주업로드용)'!A75,'서식(직납)'!J:J) -> 0 | I75: =IF(H75="0","0",VLOOKUP(A75,'서식(직납)'!B:K,10,0)) -> #N/A | J75: =H75*I75 -> #N/A | K75: =VLOOKUP(F75,'SUM(히아풀젤,폼 아이캐쳐붙인걸로)'!A:E,5,0) -> #N/A
A76: =D76&F76 -> 81010902ME81921SL1 | B76: 81010000 | D76: 81010902 | E76: 시화물류센터 | F76: ME81921SL1 | H76: =SUMIF('서식(직납)'!B:L,'Summary(수주업로드용)'!A76,'서식(직납)'!J:J) -> 0 | I76: =IF(H76="0","0",VLOOKUP(A76,'서식(직납)'!B:K,10,0)) -> #N/A | J76: =H76*I76 -> #N/A | K76: =VLOOKUP(F76,'SUM(히아풀젤,폼 아이캐쳐붙인걸로)'!A:E,5,0) -> #N/A
A77: =D77&F77 -> 81010902ME00621AN4 | B77: 81010000 | D77: 81010902 | E77: 시화물류센터 | F77: ME00621AN4 | H77: =SUMIF('서식(직납)'!B:L,'Summary(수주업로드용)'!A77,'서식(직납)'!J:J) -> 0 | I77: =IF(H77="0","0",VLOOKUP(A77,'서식(직납)'!B:K,10,0)) -> #N/A | J77: =H77*I77 -> #N/A | K77: =VLOOKUP(F77,'SUM(히아풀젤,폼 아이캐쳐붙인걸로)'!A:E,5,0) -> 0 | M77: =VLOOKUP(F77,제품명!$D:$E,2,0) -> 아크네스 모이스처크림2.0 60ml
A78: =D78&F78 -> 81010902ME00621AN6 | B78: 81010000 | D78: 81010902 | E78: 시화물류센터 | F78: ME00621AN6 | H78: =SUMIF('서식(직납)'!B:L,'Summary(수주업로드용)'!A78,'서식(직납)'!J:J) -> 0 | I78: =IF(H78="0","0",VLOOKUP(A78,'서식(직납)'!B:K,10,0)) -> #N/A | J78: =H78*I78 -> #N/A | K78: =VLOOKUP(F78,'SUM(히아풀젤,폼 아이캐쳐붙인걸로)'!A:E,5,0) -> ME90621A05 | M78: =VLOOKUP(F78,제품명!$D:$E,2,0) -> 아크네스 모이스처 플루이드 150ml
A79: =D79&F79 -> 81010902ME00621AN5 | B79: 81010000 | D79: 81010902 | E79: 시화물류센터 | F79: ME00621AN5 | H79: =SUMIF('서식(직납)'!B:L,'Summary(수주업로드용)'!A79,'서식(직납)'!J:J) -> 0 | I79: =IF(H79="0","0",VLOOKUP(A79,'서식(직납)'!B:K,10,0)) -> #N/A | J79: =H79*I79 -> #N/A | K79: =VLOOKUP(F79,'SUM(히아풀젤,폼 아이캐쳐붙인걸로)'!A:E,5,0) -> 0 | M79: =VLOOKUP(F79,제품명!$D:$E,2,0) -> 아크네스 세범 밸런싱 스킨 2.0
A80: =D80&F80 -> 81010902ME00621ASM | B80: 81010000 | D80: 81010902 | E80: 시화물류센터 | F80: ME00621ASM | H80: =SUMIF('서식(직납)'!B:L,'Summary(수주업로드용)'!A80,'서식(직납)'!J:J) -> 0 | I80: =IF(H80="0","0",VLOOKUP(A80,'서식(직납)'!B:K,10,0)) -> #N/A | J80: =H80*I80 -> #N/A | K80: =ROUND(J80*0.1,0) -> #N/A
A81: =D81&F81 -> 81010902ME90621AC4 | B81: 81010000 | D81: 81010902 | E81: 시화물류센터 | F81: ME90621AC4 | H81: =SUMIF('서식(직납)'!B:L,'Summary(수주업로드용)'!A81,'서식(직납)'!J:J) -> 0 | I81: =IF(H81="0","0",VLOOKUP(A81,'서식(직납)'!B:K,10,0)) -> #N/A | J81: =H81*I81 -> #N/A | K81: =VLOOKUP(F81,'SUM(히아풀젤,폼 아이캐쳐붙인걸로)'!A:E,5,0) -> 9B4 | M81: =VLOOKUP(F81,제품명!$D:$E,2,0) -> 아크네스 클리어 앤 화이트 크리미 워시 100G (6입) (New 2021)
A82: =D82&F82 -> 81010902ME00621HFC | B82: 81010000 | D82: 81010902 | E82: 시화물류센터 | F82: ME00621HFC | H82: =SUMIF('서식(직납)'!B:L,'Summary(수주업로드용)'!A82,'서식(직납)'!J:J) -> 0 | I82: =IF(H82="0","0",VLOOKUP(A82,'서식(직납)'!B:K,10,0)) -> #N/A | J82: =H82*I82 -> #N/A | K82: =VLOOKUP(F82,'SUM(히아풀젤,폼 아이캐쳐붙인걸로)'!A:E,5,0) -> #N/A | M82: =VLOOKUP(F82,제품명!$D:$E,2,0) -> 하다라보 히아풀베리어 수딩 클렌징 젤 (12입)
A83: =D83&F83 -> 81010902ME90521WC4 | B83: 81010000 | D83: 81010902 | E83: 시화물류센터 | F83: ME90521WC4 | H83: =SUMIF('서식(직납)'!B:L,'Summary(수주업로드용)'!A83,'서식(직납)'!J:J) -> 0 | I83: =IF(H83="0","0",VLOOKUP(A83,'서식(직납)'!B:K,10,0)) -> #N/A | J83: =H83*I83 -> #N/A | K83: =VLOOKUP(F83,'SUM(히아풀젤,폼 아이캐쳐붙인걸로)'!A:E,5,0) -> #N/A | M83: =VLOOKUP(F86,제품명!$D:$E,2,0) -> 하다라보 히아풀베리어 포어 클렌징 폼 (12입)
A84: =D84&F84 -> 81010902ME90521WC5 | B84: 81010000 | D84: 81010902 | E84: 시화물류센터 | F84: ME90521WC5 | H84: =SUMIF('서식(직납)'!B:L,'Summary(수주업로드용)'!A84,'서식(직납)'!J:J) -> 0 | I84: =IF(H84="0","0",VLOOKUP(A84,'서식(직납)'!B:K,10,0)) -> #N/A | J84: =H84*I84 -> #N/A | K84: =VLOOKUP(F84,'SUM(히아풀젤,폼 아이캐쳐붙인걸로)'!A:E,5,0) -> #N/A | M84: =VLOOKUP(F88,제품명!$D:$E,2,0) -> (new)아크네스 클리어 앤 화이트 포밍 워시 150ml 1+1
A85: =D85&F85 -> 81010902ME90521WC6 | B85: 81010000 | D85: 81010902 | E85: 시화물류센터 | F85: ME90521WC6 | H85: =SUMIF('서식(직납)'!B:L,'Summary(수주업로드용)'!A85,'서식(직납)'!J:J) -> 0 | I85: =IF(H85="0","0",VLOOKUP(A85,'서식(직납)'!B:K,10,0)) -> #N/A | J85: =H85*I85 -> #N/A | K85: =VLOOKUP(F85,'SUM(히아풀젤,폼 아이캐쳐붙인걸로)'!A:E,5,0) -> #N/A
A86: =D86&F86 -> 81010902ME00621HPC | B86: 81010000 | D86: 81010902 | E86: 시화물류센터 | F86: ME00621HPC | H86: =SUMIF('서식(직납)'!B:L,'Summary(수주업로드용)'!A86,'서식(직납)'!J:J) -> 0 | I86: =IF(H86="0","0",VLOOKUP(A86,'서식(직납)'!B:K,10,0)) -> #N/A | J86: =H86*I86 -> #N/A | K86: =VLOOKUP(F86,'SUM(히아풀젤,폼 아이캐쳐붙인걸로)'!A:E,5,0) -> 0
A87: =D87&F87 -> 81010902ME90621MAM | B87: 81010000 | D87: 81010902 | E87: 시화물류센터 | F87: ME90621MAM | H87: =SUMIF('서식(직납)'!B:L,'Summary(수주업로드용)'!A87,'서식(직납)'!J:J) -> 12 | I87: =IF(H87="0","0",VLOOKUP(A87,'서식(직납)'!B:K,10,0)) -> 4284 | J87: =H87*I87 -> 51408 | K87: =VLOOKUP(F87,'SUM(히아풀젤,폼 아이캐쳐붙인걸로)'!A:E,5,0) -> #N/A
A88: =D88&F88 -> 81010903ME90621NA7 | B88: 81010000 | D88: 81010903 | E88: 대구물류센터 | F88: ME90621NA7 | H88: =SUMIF('서식(직납)'!B:L,'Summary(수주업로드용)'!A88,'서식(직납)'!J:J) -> 6 | I88: =IF(H88="0","0",VLOOKUP(A88,'서식(직납)'!B:K,10,0)) -> 4469 | J88: =H88*I88 -> 26814 | K88: =VLOOKUP(F88,'SUM(히아풀젤,폼 아이캐쳐붙인걸로)'!A:E,5,0) -> 0 | M88: =VLOOKUP(F91,제품명!$D:$E,2,0) -> (new)아크네스 데일리 딥 클렌저 100g (6입)
A89: =D89&F89 -> 81010903ME90621AT3 | B89: 81010000 | D89: 81010903 | E89: 대구물류센터 | F89: ME90621AT3 | H89: =SUMIF('서식(직납)'!B:L,'Summary(수주업로드용)'!A89,'서식(직납)'!J:J) -> 0 | I89: =IF(H89="0","0",VLOOKUP(A89,'서식(직납)'!B:K,10,0)) -> #N/A | J89: =H89*I89 -> #N/A | K89: =VLOOKUP(F89,'SUM(히아풀젤,폼 아이캐쳐붙인걸로)'!A:E,5,0) -> #N/A
A90: =D90&F90 -> 81010903ME90621A07 | B90: 81010000 | D90: 81010903 | E90: 대구물류센터 | F90: ME90621A07 | H90: =SUMIF('서식(직납)'!B:L,'Summary(수주업로드용)'!A90,'서식(직납)'!J:J) -> 0 | I90: =IF(H90="0","0",VLOOKUP(A90,'서식(직납)'!B:K,10,0)) -> #N/A | J90: =H90*I90 -> #N/A | K90: =VLOOKUP(F90,'SUM(히아풀젤,폼 아이캐쳐붙인걸로)'!A:E,5,0) -> #N/A
A91: =D91&F91 -> 81010903ME90621ADI | B91: 81010000 | D91: 81010903 | E91: 대구물류센터 | F91: ME90621ADI | H91: =SUMIF('서식(직납)'!B:L,'Summary(수주업로드용)'!A91,'서식(직납)'!J:J) -> 0 | I91: =IF(H91="0","0",VLOOKUP(A91,'서식(직납)'!B:K,10,0)) -> #N/A | J91: =H91*I91 -> #N/A | K91: =VLOOKUP(F91,'SUM(히아풀젤,폼 아이캐쳐붙인걸로)'!A:E,5,0) -> 0 | M91: =VLOOKUP(F94,제품명!$D:$E,2,0) -> 아크네스 포밍워시 200ml (인케이스)-RRP
A92: =D92&F92 -> 81010903ME90621A04 | B92: 81010000 | D92: 81010903 | E92: 대구물류센터 | F92: ME90621A04 | H92: =SUMIF('서식(직납)'!B:L,'Summary(수주업로드용)'!A92,'서식(직납)'!J:J) -> 0 | I92: =IF(H92="0","0",VLOOKUP(A92,'서식(직납)'!B:K,10,0)) -> #N/A | J92: =H92*I92 -> #N/A | K92: =VLOOKUP(F92,'SUM(히아풀젤,폼 아이캐쳐붙인걸로)'!A:E,5,0) -> #N/A
A93: =D93&F93 -> 81010903ME90621A02 | B93: 81010000 | D93: 81010903 | E93: 대구물류센터 | F93: ME90621A02 | H93: =SUMIF('서식(직납)'!B:L,'Summary(수주업로드용)'!A93,'서식(직납)'!J:J) -> 0 | I93: =IF(H93="0","0",VLOOKUP(A93,'서식(직납)'!B:K,10,0)) -> #N/A | J93: =H93*I93 -> #N/A | K93: =VLOOKUP(F93,'SUM(히아풀젤,폼 아이캐쳐붙인걸로)'!A:E,5,0) -> #N/A
A94: =D94&F94 -> 81010903ME90621AFE | B94: 81010000 | D94: 81010903 | E94: 대구물류센터 | F94: ME90621AFE | H94: =SUMIF('서식(직납)'!B:L,'Summary(수주업로드용)'!A94,'서식(직납)'!J:J) -> 6 | I94: =IF(H94="0","0",VLOOKUP(A94,'서식(직납)'!B:K,10,0)) -> 4469 | J94: =H94*I94 -> 26814 | K94: =VLOOKUP(F94,'SUM(히아풀젤,폼 아이캐쳐붙인걸로)'!A:E,5,0) -> #N/A
A95: =D95&F95 -> 81010903ME00621TC3 | B95: 81010000 | D95: 81010903 | E95: 대구물류센터 | F95: ME00621TC3 | H95: =SUMIF('서식(직납)'!B:L,'Summary(수주업로드용)'!A95,'서식(직납)'!J:J) -> 0 | I95: =IF(H95="0","0",VLOOKUP(A95,'서식(직납)'!B:K,10,0)) -> #N/A | J95: =H95*I95 -> #N/A | K95: =VLOOKUP(F95,'SUM(히아풀젤,폼 아이캐쳐붙인걸로)'!A:E,5,0) -> #N/A
A96: =D96&F96 -> 81010903ME00621AB1 | B96: 81010000 | D96: 81010903 | E96: 대구물류센터 | F96: ME00621AB1 | H96: =SUMIF('서식(직납)'!B:L,'Summary(수주업로드용)'!A96,'서식(직납)'!J:J) -> 0 | I96: =IF(H96="0","0",VLOOKUP(A96,'서식(직납)'!B:K,10,0)) -> #N/A | J96: =H96*I96 -> #N/A | K96: =VLOOKUP(F96,'SUM(히아풀젤,폼 아이캐쳐붙인걸로)'!A:E,5,0) -> #N/A
A97: =D97&F97 -> 81010903ME00621C17 | B97: 81010000 | D97: 81010903 | E97: 대구물류센터 | F97: ME00621C17 | H97: =SUMIF('서식(직납)'!B:L,'Summary(수주업로드용)'!A97,'서식(직납)'!J:J) -> 0 | I97: =IF(H97="0","0",VLOOKUP(A97,'서식(직납)'!B:K,10,0)) -> #N/A | J97: =H97*I97 -> #N/A | K97: =VLOOKUP(F97,'SUM(히아풀젤,폼 아이캐쳐붙인걸로)'!A:E,5,0) -> #N/A
A98: =D98&F98 -> 81010903ME00621AT6 | B98: 81010000 | D98: 81010903 | E98: 대구물류센터 | F98: ME00621AT6 | H98: =SUMIF('서식(직납)'!B:L,'Summary(수주업로드용)'!A98,'서식(직납)'!J:J) -> 0 | I98: =IF(H98="0","0",VLOOKUP(A98,'서식(직납)'!B:K,10,0)) -> #N/A | J98: =H98*I98 -> #N/A | K98: =VLOOKUP(F98,'SUM(히아풀젤,폼 아이캐쳐붙인걸로)'!A:E,5,0) -> #N/A
A99: =D99&F99 -> 81010903ME00621AM1 | B99: 81010000 | D99: 81010903 | E99: 대구물류센터 | F99: ME00621AM1 | H99: =SUMIF('서식(직납)'!B:L,'Summary(수주업로드용)'!A99,'서식(직납)'!J:J) -> 0 | I99: =IF(H99="0","0",VLOOKUP(A99,'서식(직납)'!B:K,10,0)) -> #N/A | J99: =H99*I99 -> #N/A | K99: =VLOOKUP(F99,'SUM(히아풀젤,폼 아이캐쳐붙인걸로)'!A:E,5,0) -> #N/A
A100: =D100&F100 -> 81010903ME00621AS1 | B100: 81010000 | D100: 81010903 | E100: 대구물류센터 | F100: ME00621AS1 | H100: =SUMIF('서식(직납)'!B:L,'Summary(수주업로드용)'!A100,'서식(직납)'!J:J) -> 0 | I100: =IF(H100="0","0",VLOOKUP(A100,'서식(직납)'!B:K,10,0)) -> #N/A | J100: =H100*I100 -> #N/A | K100: =VLOOKUP(F100,'SUM(히아풀젤,폼 아이캐쳐붙인걸로)'!A:E,5,0) -> #N/A
...

Sheet 제품명
A1: BRAND | B1: 이마트 상품명 | C1: 바코드 | D1: 상품코드(기획) | E1: 상품명(기획) | F1: 원래코드 | G1: 비고 | H1: REGUAL | I1: PROMOTION PRICE
A2: Acnes | B2: 아크네스 클리어앤화이트 포밍워시 150g | C2: 8809020346585 | D2: ME90621NA7 | E2: (new)아크네스 클리어 앤 화이트 포밍 워시 150ml 1+1 | F2: ME90621A05 | G2: 6/3 잠시만 출고 | H2: 6975
A3: Acnes | B3: 아크네스 오일컨트롤 스킨 120ml | C3: 8809020346523 | D3: ME90621AT3 | E3: 아크네스 오일 컨트롤 파우더 스킨 120ml (인케이스)-RRP | F3: ME90621AT3 | G3: 파우더스킨+코팩+필름 : 할당량 소진시까지 | H3: 6510
A4: Acnes | B4: 아크네스 클리어앤화이트 크리미워시 100g | C4: 8809020346660 | D4: ME90621A07 | E4: 아크네스 클리어앤화이트 크리미워시 100g | F4: ME90621A07
A5: Acnes | B5: 아크네스 데일리 딥클렌저 100g | C5: 8809020346592 | D5: ME90621ADI | E5: (new)아크네스 데일리 딥 클렌저 100g (6입) | F5: ME90621A06 | G5: ME90621DF7 | H5: 2021년 12월 디자인변경으로 코드변경
A6: Acnes | B6: 아크네스 크리미워시130g | C6: 8809020346516 | D6: ME90621A02 | E6: 아크네스 크리미 워시 130g (인케이스)-RRP | F6: ME00621P78 | G6: 잠시 테스코 재고 사용 | H6: 6510
A7: Acnes | B7: 아크네스 포밍워시 200ml | C7: 8809020346509 | D7: ME90621AFE | E7: 아크네스 포밍워시 200ml (인케이스)-RRP | F7: ME90621A01 | H7: 6975
A8: Acnes | B8: 아크네스 타겟 리페어 크림 | C8: 8809020340255 | D8: ME00621TC3 | E8: 아크네스 타겟 리페어 크림
A9: Acnes | B9: 아크네스 세범 밸런싱 스킨 180ml | C9: 8809020340286 | D9: ME00621AB1 | E9: 아크네스 세범 밸런싱 스킨+크림샤쉐2장 (6입) | F9: ME00621AB1 | H9: 홈플러스 기획 출고중
A10: Acnes | B10: 아크네스 미셀라 클렌징워터 | C10: 8809020340262 | D10: ME00621C17 | E10: 아크네스 미셀라 클렌징워터 | F10: ME00621MW2
A11: Acnes | B11: 아크네스 스팟클리어젤18g | C11: 8809020346561 | D11: ME00621AT6 | E11: 아크네스 스팟 클리어 젤 18g (인케이스)-RRP | F11: ME00621AT6 | G11: 스팟 클리어젤+코팩+필름 : 할당량 소진시까지 | H11: 6975
A12: Acnes | B12: 아크네스 모이스처 로션 150ml | C12: 8809020340293 | D12: ME00621AM1 | E12: 아크네스 모이스처 로션 150ml | F12: ME00621AM1 | G12: 모이스처로션+코팩+필름 : 할당량 소진시까지 | H12: 홈플러스 기획 출고중
A13: Acnes | B13: 아크네스 더마 릴리프 밸런싱스킨 | C13: #N/A | D13: ME00621AS1 | E13: 아크네스 더마 릴리프 밸런싱 스킨 200ml 6 | F13: ME00621AS1 | H13: 8237
A14: Acnes | B14: 아크네스 더마 릴리프 리커버리 크림 | C14: #N/A | D14: ME00621AR1 | E14: 아크네스 더마 릴리프 리커버리 크림 40ml | F14: ME00621AR1 | H14: 11326
A15: Acnes | B15: 아크네스 더마 릴리프 에센스로션 | C15: #N/A | D15: ME00621AL1 | E15: 아크네스 더마 릴리프 에센스 로션80ml 6입 | F15: ME00621AL1 | H15: 9267
A16: Acnes | B16: 아크네스 더마 릴리프 밸런싱 젤클렌저 | C16: #N/A | D16: ME00621AG1 | E16: 아크네스 더마 릴리프 퓨리파잉 젤클렌저 2 | F16: ME00621AG1 | H16: 7722
A17: Acnes | B17: 아크네스 더마 릴리프 모이스처 폼클렌저 | C17: 8809020349722 | D17: ME00621AF9 | E17: 아크네스 더마 릴리프 모이스처 폼클렌저 | F17: ME00621AF9 | G17: 6/3 잠시만 출고 | H17: 7722
A18: Acnes | B18: 아크네스 모이스처크림 50ml | C18: 8809020349425 | D18: ME00621A08 | E18: 아크네스 모이스처 크림+스팟 젤미니 (36입 | F18: ME00621A08 | H18: 9299
A19: HADA | B19: 시로쥰밀크 140ml | C19: 8809020349104 | D19: ME90621SM6 | E19: 하다라보 시로쥰 밀크 140ml | F19: ME90621SM4
A20: HADA | B20: 시로쥰로션 170ml | C20: 8809020349098 | D20: ME90621SL2 | E20: 하다라보 시로쥰 로션 170ml | F20: ME90621SLO
A21: HADA | B21: 시로쥰 크림 50g | C21: 8809020349210 | D21: ME90621SCM | E21: 하다라보 시로쥰 크림 50g | F21: ME90621SCM
A22: HADA | B22: 하다라보 기와미츠 로즈워터 구버전+화장솜기획(6입) | C22: 8809020349371 | D22: ME00621H51 | E22: 하다라보 기와미츠 로즈워터 구버전+화장솜기획(6입) | G22: 8809020349418 | H22: 11862
A23: HADA | B23: 하다라보 기와미츠 하토무기 비타민C구버전+화장솜기획(6입) | C23: 8809020349388 | D23: ME90621GHV | E23: 하다라보 기와미츠 하토무기 비타민C구버전+화장솜기획(6입)
A24: HADA | B24: 하다라보 기와미츠 워터+화장솜 기획 (6입) | C24: 8809020349418 | D24: ME90621KW1 | E24: 하다라보 기와미츠 워터+화장솜 기획 (6입) | G24: 8809020349388 | H24: 11862
A25: HADA | B25: 하다라보 고쿠쥰 프리미엄 밀크 | C25: 8809020349784 | D25: ME90621GPM | E25: 하다라보 고쿠쥰 프리미엄 밀크
A26: HADA | B26: 하다라보 고쿠쥰 프리미엄 로션 | C26: 8809020349777 | D26: ME90621GP4 | E26: 하다라보 고쿠쥰 프리미엄 로션 170ml (6입)-NF
A27: HADA | B27: 하다라보 고쿠쥰 프리미엄 오일젤리 | C27: 8809020349791 | D27: ME90621GPJ | E27: 하다라보 고쿠쥰 프리미엄 오일젤리
A28: HADA | B28: 코쿠준오일클렌징200ml | C28: 8809020349166 | D28: ME90621GO8 | E28: 하다라보 고쿠쥰 오일 클렌징 200ml | F28: ME90621GO5 | H28: 10057 | I28: 2021-03-24부터 신형(12입)으로 납품
A29: HADA | B29: 고쿠쥰밀크140ml | C29: 8809020349067 | D29: ME90621GM5 | E29: 하다라보 고쿠쥰 밀크 140ml | F29: ME90621GM5 | H29: 11346
A30: HADA | B30: 고쿠쥰로션170ml | C30: 8809020349050 | D30: ME90621GLK | E30: 하다라보 고쿠쥰 로션 170ml | F30: ME90621GLK | H30: 11346
A31: HADA | B31: 하다라보 고쿠쥰 로션 라이트 | C31: 8809020349906 | D31: ME90621GL6 | E31: 하다라보 고쿠쥰 로션 라이트
A32: HADA | B32: 고쿠쥰 포밍 워시 160ml | C32: 8809020349968 | D32: ME00621H41 | E32: 고쿠쥰 포밍 워시 160ml | F32: ME90621HGW | G32: ME90621H41
A33: HADA | B33: 고쿠쥰훼이스워시100g | C33: 8809020349036 | D33: ME00621CM5 | E33: 하다라보 고쿠쥰 훼이스 워시 100g | F33: ME00621CM5 | H33: 7220
A34: HADA | B34: 고쿠쥰에센스30g | C34: 8809020349074 | D34: ME90621GE1 | E34: 하다라보 고쿠쥰 에센스 30g | F34: ME90621GES
A35: HADA | B35: 고쿠쥰 크림 50g | C35: 8809020349203 | D35: ME90621GCK | E35: 하다라보 고쿠쥰 크림 50g | F35: ME90621GCM
A36: HADA | B36: 시로쥰로션밀크세트 | C36: 8809020349142 | D36: ME00621SS1 | E36: 하다라보 시로쥰 로션 & 밀크 세트 | F36: ME00621SP1
A37: HADA | B37: 고쿠쥰로션밀크세트170ml/140ml | C37: 8809020349135 | D37: ME00621GP1 | E37: 하다라보 고쿠쥰 로션 & 밀크 세트 | F37: ME00621GP1
C38: 8809020349944 | D38: ME90621FG1 | E38: 하다라보 고쿠쥰 퍼펙트젤 100g N-design
A39: Lipcare | B39: 립케어립아이스딸기3.5g | C39: 8809020342419 | D39: ME90521CLS | E39: 립아이스 딸기 X 라인 | F39: 2021년 종료 | G39: 12
A40: Lipcare | B40: 립케어 립아이스레몬 | C40: 8809020342211 | D40: ME90521CLL | E40: 립아이스 레몬 X 라인 | F40: 2021년 종료 | G40: 12
A41: Lipcare | B41: 립케어립아이스애플3.5g | C41: 8809020342310 | D41: ME90521CLA | E41: 립아이스 애플 X 라인 | F41: 2021년 종료 | G41: 12
A42: Lipcare | B42: 오일 인 컬러 립밤 03 스위트핑크 3g | C42: 8809020340415 | D42: ME90521OC6 | E42: 오일 인 컬러 립밤 03 스위트핑크 3g
A43: Lipcare | B43: 오일 인 컬러 립밤 02 팝 오렌지 3g | C43: 8809020340408 | D43: ME90521OC5 | E43: 오일 인 컬러 립밤 02 팝 오렌지 3g
A44: Lipcare | B44: 오일 인 컬러 립밤 01 시크레드 3g | C44: 8809020340392 | D44: ME90521OC4 | E44: 오일 인 컬러 립밤 01 시크레드 3g
A45: Lipcare | B45: 립아이스 라즈베리 틴티드 립밤 | C45: 8809020340279 | D45: ME90521LR1 | E45: 립아이스 라즈베리 틴티드립밤 라인 | G45: 12
A46: Lipcare | B46: 딥모이스트 멘톨 | C46: 8809020344444 | D46: ME90521EL9 | E46: 딥모이스트 멘솔 | G46: 10
A47: Lipcare | B47: 딥모이스트 네츄럴 | C47: 8809020344451 | D47: ME90521EL8 | E47: 딥모이스트 내추럴 | G47: 10
A48: Lipcare | B48: 립아이스 매직칼라 틴티드 컬러 레드 2g | C48: 8809020344468 | D48: ME90521EL7 | E48: 립아이스 틴티드 칼라 | G48: 12 | H48: 립케어 립아이스레몬
A49: Lipcare | B49: 립아이스 매직칼라 딸기향 2g | C49: 8809020344192 | D49: ME90521EL6 | E49: 매직칼라 딸기 | G49: 12 | H49: 립아이스 라즈베리 틴티드 립밤
A50: Lipcare | B50: 메디케이티드립밤3.5g | C50: 8809020344048 | D50: ME90521EL4 | E50: 메디케이티드 립밤 | G50: 12 | H50: 립케어립아이스딸기3.5g
A51: Lipcare | B51: 립퓨어베르가못4g | C51: 8809020344123 | D51: ME90521EL0 | E51: 립퓨어 베르가못 (12입) | G51: 12
A52: Lipcare | B52: 메디케이티드립젤트윈팩3.5g*2 | C52: 8809020348992 | D52: ME90521E18 | E52: 메디케이티드립젤트윈팩3.5g*2 | G52: 10
A53: Lipcare | B53: 립아이스 매직칼라스칼렛2g | C53: 8809020344239 | D53: ME90521E13 | E53: 립아이스 틴티드 칼라 스칼렛 | G53: 12
A54: Lipcare | B54: 멘소래담 립 크래용 베이비코랄 | C54: 8809020349821 | D54: ME90521CC4 | E54: 멘소래담 립크래용 베이비코랄 3g (이마트/롯데마트RRP)
A55: Lipcare | B55: 멘소래담 립 크래용 엔젤핑크 | C55: 8809020349814 | D55: ME90521CC2 | E55: 멘소래담 립크래용 엔젤핑크 3g (이마트/롯데마트RRP)
A56: Lipcare | B56: 멘소래담 립 크래용 디바레드 | C56: 8809020349807 | D56: ME90521CC1 | E56: 멘소래담 립크래용 디바레드 3g (이마트/롯데마트RRP)
A57: Spray | B57: 멘소래담스프레이익스트림 | C57: 8809020345229 | D57: ME00421301 | E57: 스프레이 익스트림 180ml | F57: ME00421301
A58: Spray | B58: 맨소레담스프레이180ml | C58: 8809020345212 | D58: ME00421186 | E58: 스프레이 180ml | F58: ME00421180 | H58: 7/22 신코드로 출고
A59: Spray | B59: 멘소래담 딥앤쿨 에어로솔 | C59: 8809020348978 | D59: ME00421151 | E59: 맨소래담 딥앤쿨 스프레이 150ml*8입 | F59: ME00421P04
B60: 멘소래담 핸드베일 뷰티 프리미엄 리치네일 | C60: 8809020340132 | D60: ME91221HPN | E60: 멘소래담 핸드베일 뷰티 프리미엄 리치네일 | H60: 8809020349661 | I60: 멘소래담 클리어 패치 기획
B61: 멘소래담 클리어 패치 기획 | C61: 8809020349661 | D61: ME90621CPS | E61: 멘소래담 클리어 패치 싱글 1+1 35개입 | H61: 8809020349777 | I61: 하다라보 고쿠쥰 프리미엄 로션
B62: 멘소래담 클리어 패치 기획 | C62: 8809020349654 | D62: ME90621CPM | E62: 멘소래담 클리어 패치 멀티 1+1 26개입 | H62: 8809020348978 | I62: 멘소래담 딥앤쿨 에어로솔
C63: 8809020340712 | D63: ME90621TC1 | E63: 하다라보 타마고하다 훼이스 워시 130ml
C64: 8809020340705 | D64: ME90621TF1 | E64: 하다라보 타마고하다 포밍 워시 160ml
D65: ME00621C35
D66: ME90621A02 | E66: 아크네스 크리미 워시 130g (인케이스)
C67: 8809020341207 | D67: ME80421DR2 | E67: 멘소래담 마사지 롤온 로션 50ml | G67: 5
C68: 8809020341627 | D68: ME00621FMC | E68: 아크네스 포맨 퍼펙트 폼클렌저 150g | G68: 12
C69: 8809020341634 | D69: ME00621FML | E69: 아크네스 포맨 퍼펙트 스킨 | G69: 12
C70: 8809020341641 | D70: ME00621FD4 | E70: 아크네스 포맨 퍼펙트 올인원 | G70: 12
C71: 8809020341054 | D71: ME81921SVV | E71: 소프트립스 프렌치바닐라 2g | F71: 9/11추가 | G71: 12
C72: 8809020341061 | D72: ME81921SLL | E72: 소프트립스 라즈베리 립밤 2g | F72: 9/11추가 | G72: 12
C73: 8809020341771 | D73: ME90521MCN | E73: 멜티 크림 립 내추럴 3.3g | F73: 9/11추가 | G73: 12
C74: 8809020341788 | D74: ME90521MCA | E74: 멜티 크림 립 아몬드 밀크 3.3g | F74: 9/11추가 | G74: 12
C75: 8809020341801 | D75: ME81921SL1 | E75: 소프트립스 워터멜론 립밤 | F75: 0.5625 | G75: 12
C76: 8809020342488 | D76: ME00621AN4 | E76: 아크네스 모이스처크림2.0 60ml | F76: 2021 5월 4일 | G76: 6
C77: 8809020342471 | D77: ME00621AN6 | E77: 아크네스 모이스처 플루이드 150ml | F77: 2021 5월 4일 | G77: 6
C78: 8809020342457 | D78: ME00621ASM | E78: 아크네스 스팟클리어크림패치 18g | F78: 2021 5월 4일 | G78: 6
C79: 8809020342464 | D79: ME00621AN5 | E79: 아크네스 세범 밸런싱 스킨 2.0 | F79: 2021 5월 4일 | G79: 6
C80: 8809020342518 | D80: ME90521GT2 | E80: 립아이스 립밤 그레이프프루트 티 (2021) (12입) | F80: 9/17 추가
C81: 8809020342501 | D81: ME90521LD9 | E81: 립아이스 립밤 레몬 (2021) (12입) | F81: 9/17 추가
C82: 8809020342495 | D82: ME90521GS2 | E82: 립아이스 립밤 스트로베리 (2021) (12입)
C83: 8809020342433 | D83: ME90621AC4 | E83: 아크네스 클리어 앤 화이트 크리미 워시 100G (6입) (New 2021) | F83: 12/7 추가
C84: 8809020342730 | D84: ME00621HFC | E84: 하다라보 히아풀베리어 수딩 클렌징 젤 (12입) | F84: 12/7 추가
C85: 8809020342723 | D85: ME00621HPC | E85: 하다라보 히아풀베리어 포어 클렌징 폼 (12입) | F85: 12/7 추가
C86: 8809020343683 | D86: ME90521WC4 | E86: 멘소래담 워터컬러 01차밍 레드 (12입) | F86: 240829추가 | G86: 12
C87: 8809020343690 | D87: ME90521WC5 | E87: 멘소래담 워터컬러 02슈가 코랄 (12입) | F87: 240829추가 | G87: 12
C88: 8809020343706 | D88: ME90521WC6 | E88: 멘소래담 워터컬러 03스위트 핑크 (12입) | F88: 240829추가 | G88: 12
C89: 8809020348992 | D89: ME90521E18 | E89: 메디케이티드 립젤 트윈팩 3.5g x 2 (12입) | F89: 240829추가 | G89: 12
C90: 8809020342525 | D90: ME80421DCH | E90: 멘소래담 쿨 롤온 로션 홈플러스 5입 | F90: 250210추가
C91: 8809020344321 | D91: ME90621MAM | E91: 멜라노CC 엔자임 페이스워시 130g (12입) | F91: 250422추가 | G91: 12

Sheet 점포코드 
A2: 점포명 | B2: 점포코드 | E2: 81010000 | F2: 이마트 본점
A3: 이마트 김해터미널점 | B3: 81010928
A4: 김해점 | B4: 81010928
A5: 창동점 | B5: 81010001 | C5: 81010001 | E5: 81010001 | F5: 이마트 창동점
A6: 시화(D)_BNS | B6: 81010902
A7: 일산점 | B7: 81010002 | C7: 81010002 | D7: d | E7: 81010002 | F7: 이마트 일산점 | G7: ㅊ
A8: 안산점 | B8: 81010003 | E8: 81010003 | F8: 이마트 안산점
A9: 부평점 | B9: 81010004 | E9: 81010004 | F9: 이마트 부평점
A10: 제주점 | B10: 81010005 | C10: 81010005 | E10: 81010005 | F10: 이마트 제주점
A11: 분당점 | B11: 81010006 | C11: 81010006 | E11: 81010006 | F11: 이마트 분당점
A12: 남원점 | B12: 81010007 | E12: 81010007 | F12: 이마트 남원점
A13: 안양점 | B13: 81010008 | C13: 81010008 | E13: 81010008 | F13: 이마트 안양점
A14: 서부산점 | B14: 81010009 | E14: 81010009 | F14: 이마트 서부산점
A15: 김천점 | B15: 81010010 | C15: 81010010 | E15: 81010010 | F15: 이마트 김천점
A16: 동광주점 | B16: 81010011 | E16: 81010011 | F16: 이마트 동광주점
A17: 청주점 | B17: 81010012 | C17: 81010012 | E17: 81010012 | F17: 이마트 청주점
A18: 전주점 | B18: 81010138 | C18: 81010138 | E18: 81010013 | F18: 이마트 전주점
A19: 부천점 | B19: 81010014 | C19: 81010014 | E19: 81010014 | F19: 이마트 부천점
A20: 원주점 | B20: 81010015 | C20: 81010015 | E20: 81010015 | F20: 이마트 원주점
A21: 구로점 | B21: 81010016 | C21: 81010016 | E21: 81010016 | F21: 이마트 구로점
A22: 신월점 | B22: 81010017 | E22: 81010017 | F22: 이마트 신월점
A23: 성서점 | B23: 81010018 | C23: 81010018 | E23: 81010018 | F23: 이마트 성서점
A24: 산본점 | B24: 81010019 | C24: 81010019 | E24: 81010019 | F24: 이마트 산본점
A25: 천호점 | B25: 81010020 | C25: 81010020 | E25: 81010020 | F25: 이마트 천호점
A26: 가양점 | B26: 81010021 | C26: 81010021 | E26: 81010021 | F26: 이마트 가양점
A27: 해운대점 | B27: 81010022 | C27: 81010022 | E27: 81010022 | F27: 이마트 해운대점
A28: 시화점 | B28: 81010023 | C28: 81010023 | E28: 81010023 | F28: 이마트 시화점
A29: 상봉점 | B29: 81010024 | C29: 81010024 | E29: 81010024 | F29: 이마트 상봉점
A30: 이천점 | B30: 81010025 | C30: 81010025 | E30: 81010025 | F30: 이마트 이천점
A31: 진주점 | B31: 81010026 | C31: 81010026 | E31: 81010026 | F31: 이마트 진주점
A32: 목포점 | B32: 81010027 | C32: 81010027 | E32: 81010027 | F32: 이마트 목포점
A33: 동인천점 | B33: 81010028 | C33: 81010028 | E33: 81010028 | F33: 이마트 동인천점
A34: 만촌점 | B34: 81010029 | C34: 81010029 | E34: 81010029 | F34: 이마트 만촌점
... A37: 월배점 | B37: 81010032 | C37: 81010032 | E37: 81010032 | F37: 이마트 월배점
A38: 수서점 | B38: 81010034 | E38: 81010034 | F38: 이마트 수서점
A39: 상무점 | B39: 81010035 | E39: 81010035 | F39: 이마트 광주상무점
A40: 수원점 | B40: 81010036 | C40: 81010036 | E40: 81010036 | F40: 이마트 수원점
A41: 충주점 | B41: 81010037 | C41: 81010037 | E41: 81010037 | F41: 이마트 충주점
A42: 평택점 | B42: 81010038 | C42: 81010038 | E42: 81010038 | F42: 이마트 평택점
A43: 은평점 | B43: 81010039 | C43: 81010039 | E43: 81010039 | F43: 이마트 은평점
A44: 포항점 | B44: 81010040 | C44: 81010040 | E44: 81010040 | F44: 이마트 포항점
A45: 여수점 | B45: 81010041 | C45: 81010041 | E45: 81010041 | F45: 이마트 여수점
A46: 연제점 | B46: 81010042 | C46: 81010042 | E46: 81010042 | F46: 이마트 연제점
A47: 칠성점 | B47: 81010043 | C47: 81010043 | E47: 81010043 | F47: 이마트 칠성점
A48: 둔산점 | B48: 81010044 | C48: 81010044 | E48: 81010044 | F48: 이마트 둔산점
A49: 구미점 | B49: 81010045 | C49: 81010045 | E49: 81010045 | F49: 이마트 구미점
A50: 창원점 | B50: 81010046 | C50: 81010046 | E50: 81010046 | F50: 이마트 창원점
A51: 인천점 | B51: 81010047 | C51: 81010047 | E51: 81010047 | F51: 이마트 인천점
... A54: 강릉점 | B54: 81010050 | C54: 81010050 | E54: 81010050 | F54: 이마트 강릉점
A55: 공항점 | B55: 81010051 | E55: 81010051 | F55: 이마트 공항점
A56: 고잔점 | B56: 81010052 | C56: 81010052 | E56: 81010052 | F56: 이마트 고잔점
A57: 문현점 | B57: 81010053 | C57: 81010053 | E57: 81010053 | F57: 이마트 문현점
A58: 수지점 | B58: 81010054 | C58: 81010054 | E58: 81010054 | F58: 이마트 수지점
A59: 금정점 | B59: 81010055 | C59: 81010055 | E59: 81010055 | F59: 이마트 금정점
A60: 신제주점 | B60: 81010056 | C60: 81010056 | E60: 81010056 | F60: 이마트 신제주점
A61: 속초점 | B61: 81010057 | C61: 81010057 | E61: 81010057 | F61: 이마트 속초점
A62: 사상점 | B62: 81010058 | C62: 81010058 | E62: 81010058 | F62: 이마트 사상점
A63: 울산점 | B63: 81010059 | E63: 81010059 | F63: 이마트 울산점
A64: 동해점 | B64: 81010060 | C64: 81010060 | E64: 81010060 | F64: 이마트 동해점
A65: 영천점 | B65: 81010061 | E65: 81010061 | F65: 이마트 영천점
A66: 광산점 | B66: 81010062 | E66: 81010062 | F66: 이마트 광산점
A67: 양산점 | B67: 81010063 | C67: 81010063 | E67: 81010063 | F67: 이마트 양산점
A68: 파주점 | B68: 81010064 | C68: 81010064 | E68: 81010064 | F68: 이마트 파주점
A69: 반야월점 | B69: 81010065 | C69: 81010065 | E69: 81010065 | F69: 이마트 반야월점
A70: 월계점 | B70: 81010066 | C70: 81010066 | E70: 81010066 | F70: 이마트 월계점
A71: 용산역점 | B71: 81010067 | E71: 81010067 | F71: 이마트 용산역점
A72: 안동점 | B72: 81010068 | C72: 81010068 | E72: 81010068 | F72: 이마트 안동점
A73: 양재점 | B73: 81010069 | C73: 81010069 | E73: 81010069 | F73: 이마트 양재점
A74: 인천공항점 | B74: 81010070 | E74: 81010070 | F74: 이마트 인천공항점
A75: 통영점 | B75: 81010071 | C75: 81010071 | E75: 81010071 | F75: 이마트 통영점
A76: 순천점 | B76: 81010072 | C76: 81010072 | E76: 81010072 | F76: 이마트 순천점
A77: 서수원점 | B77: 81010073 | C77: 81010073 | E77: 81010073 | F77: 이마트 서수원점
A78: 춘천점 | B78: 81010075 | E78: 81010075 | F78: 이마트 춘천점
A79: 남양주점 | B79: 81010076 | C79: 81010076 | E79: 81010076 | F79: 이마트 남양주점
A80: 오산점 | B80: 81010077 | C80: 81010077 | E80: 81010077 | F80: 이마트 오산점
A81: 용인점 | B81: 81010078 | C81: 81010078 | E81: 81010078 | F81: 이마트 용인점
A82: 서귀포점 | B82: 81010079 | E82: 81010079 | F82: 이마트 서귀포점
A83: 경산점 | B83: 81010080 | C83: 81010080 | E83: 81010080 | F83: 이마트 경산점
A84: 광주점 | B84: 81010081 | C84: 81010081 | E84: 81010081 | F84: 이마트 광주점
A85: 동백점 | B85: 81010082 | C85: 81010082 | E85: 81010082 | F85: 이마트 동백점
A86: 검단점 | B86: 81010083 | E86: 81010083 | F86: 이마트 인천검단점
A87: 송림점 | B87: 81010084 | E87: 81010084 | F87: 이마트 송림점
A88: 덕이점 | B88: 81010085 | C88: 81010085 | E88: 81010085 | F88: 이마트 탄현점
A89: 구성점 | B89: 81010086 | E89: 81010086 | F89: 이마트 구성점
A90: 서대전점 | B90: 81010087 | E90: 81010087 | F90: 이마트 서대전점
A91: 역삼점 | B91: 81010088 | C91: 81010088 | E91: 81010088 | F91: 이마트 역삼점
A92: 시지점 | B92: 81010089 | C92: 81010089 | E92: 81010089 | F92: 이마트 시지점
A93: 화정점 | B93: 81010090 | C93: 81010090 | E93: 81010090 | F93: 이마트 화정점
A94: 비산점 | B94: 81010091 | E94: 81010091 | F94: 이마트 비산점
A95: 학성점 | B95: 81010092 | E95: 81010092 | F95: 이마트 학성점
A96: 서면점 | B96: 81010093 | E96: 81010093 | F96: 이마트 서면점
A97: 중동점 | B97: 81010094 | C97: 81010094 | E97: 81010094 | F97: 이마트 중동점
A98: 계양점 | B98: 81010095 | E98: 81010095 | F98: 이마트 계양점
A99: 평촌점 | B99: 81010096 | C99: 81010096 | E99: 81010096 | F99: 이마트 평촌점
A100: 달서점 | B100: 81010097 | E100: 81010097 | F100: 이마트 달서점
A101: 마산점 | B101: 81010098 | E101: 81010098 | F101: 이마트 마산점
A102: 포항이동점 | B102: 81010099 | C102: #N/A | E102: 81010099 | F102: 이마트 포항이동점
A103: 익산점 | B103: 81010100 | E103: 81010100 | F103: 이마트 익산점
A104: 아산점 | B104: 81010101 | C104: 81010101 | E104: 81010101 | F104: 이마트 아산점
A105: 태백점 | B105: 81010102 | E105: 81010102 | F105: 이마트 태백점
...

Sheet Sheet1
A3: 행 레이블 | B3: 합계 : 환산
A4: ME00421150 | B4: 25977
A5: ME00421151 | B5: 86
A6: ME00421153 | B6: 6959
A7: ME00421180 | B7: 30
A8: ME00421185 | B8: 16393
A9: ME00421186 | B9: 2560
A10: ME0042118C | B10: 758
A11: ME0042118N | B11: 45904
A12: ME0042118S | B12: 2172
A13: ME00421200 | B13: 28291
A14: ME00421300 | B14: 9962
A15: ME00421301 | B15: 424
... A284: 총합계 | B284: 4569074
